Block,Plot,Plot_size,Alliaria_petiolata,Ambrosia_psilostachya,Asclepias_syriaca,Asclepias_tuberosa,Barbarea_vulgaris,Berteroa_incana,Boehmeria_cylindrica,Bromus_inermis,Capsella_bursa_pastoris,Cerastium_fontanum,Chenopodium_album,Cirsium_arvense,Cirsium_vulgare,Convolvulus_sepium,Conyza_canadensis,Coreopsis_lanceolata,Coreopsis_tripteris,Dactylis_glomerata,Daucus_carota,Desmodium_illinoense,Dianthus_armeria,Elymus_repens,Epilobium_coloratum,Erigeron_annuus,Erigeron_philadelphicus,Erigeron_strigosus,Euthamia_graminifolia,Festuca_rubra,Galium_aparine,Hieracium_caespitosum,Hieracium_pilosella,Hypericum_perforatum,Lactuca_serriola,Leonurus_cardiaca,Leucanthemum_vulgare,Linaria_vulgaris,Medicago_lupulina,Melilotus_albus,Monarda_fistulosa,Monarda_punctata,Oenothera_biennis,Oxalis_stricta,Panicum_capillare,Penstemon_digitalis,Phleum_pratense,Plantago_lanceolata,Plantago_major,Potentilla_recta,Ranunculus_acris,Ratibida_pinnata,Rudbeckia_hirta,Scrophularia_lanceolata,Silene_latifolia,Silene_vulgaris,Solanum_dulcamara,Solidago_canadensis,Solidago_nemoralis,Solidago_rigida,Sonchus_arvensis,Sonchus_oleraceus,Stellaria_media,Symphyotrichum_ericoides,Symphyotrichum_lanceolatum,Symphyotrichum_novae_angliae,Taraxacum_officinale,Tragopogon_dubius,Trifolium_pratense,Trifolium_repens,Verbascum_thapsus,Verbena_stricta,Veronica_arvensis
1,1,0.5,0,0,0,0,0,0,0,25,0,0,0,0,0,0,0,0,0,0,0,0,0,0,1,0,0,0,0,0,0,0,0,0,0,0,0,80,6,0,2,0,0,0,0,0,0,0,0,0,0,0,0,0,0,0,0,0,0,0,0,0,4,0,0,0,0,0,0,0,0,0,1
1,1,1,23,0,0,0,4,0,0,5,0,4,0,0,0,0,0,0,0,0,0,5,0,0,2,0,0,0,0,40,0,0,0,0,0,0,0,36,31,0,3,0,0,0,0,0,0,18,0,0,0,2,0,0,0,0,0,0,0,0,1,0,0,0,0,14,2,1,0,0,0,0,0
1,1,2,0,0,1,0,1,0,0,39,0,21,0,0,0,0,0,2,0,0,3,9,0,16,4,0,0,0,4,49,0,0,0,0,0,0,0,155,30,0,156,0,0,4,0,0,0,7,0,1,0,0,0,0,0,0,0,20,0,0,1,0,2,0,0,15,6,0,0,0,0,8,0
1,2,0.5,0,0,0,0,0,0,0,0,0,0,0,0,0,0,0,10,0,0,9,0,0,0,10,1,1,0,0,0,0,0,0,0,0,0,0,14,2,0,0,0,1,0,0,0,0,0,0,0,0,0,0,0,0,0,0,45,0,4,0,0,0,0,0,0,0,3,0,0,0,0,0
1,2,1,1,0,2,0,0,0,0,14,0,0,0,0,0,0,0,0,0,0,4,0,0,2,0,0,0,0,2,6,0,0,0,1,0,0,0,66,3,0,0,0,0,0,0,0,0,0,0,0,0,0,0,0,0,0,0,0,0,0,2,0,0,0,0,0,0,0,0,0,0,0,0
1,2,2,0,1,0,0,0,0,0,100,0,3,0,7,1,0,0,0,0,0,148,0,0,0,0,0,0,0,3,0,0,0,5,22,0,0,0,269,43,2,0,0,0,7,0,0,0,7,0,0,0,4,0,0,0,0,0,0,0,3,0,0,33,0,0,0,2,2,0,0,0,0,25
1,3,0.5,0,0,0,0,0,0,0,0,0,0,0,0,0,0,0,1,0,0,19,0,0,0,0,0,0,0,0,3,0,5,0,6,0,0,0,0,8,0,19,0,0,0,0,0,0,0,0,0,0,0,0,0,0,0,0,0,0,0,0,0,0,0,0,0,2,0,0,0,0,0,2
1,3,1,0,0,0,0,1,0,0,50,0,5,0,2,0,0,0,0,1,0,0,0,0,0,0,0,0,0,0,76,0,0,0,0,0,1,0,100,5,0,0,0,0,0,0,0,0,1,0,0,0,0,0,0,0,0,0,0,0,2,0,0,2,28,0,7,2,0,0,0,0,0,7
1,3,2,0,0,7,0,0,0,0,66,0,0,0,0,0,0,0,0,18,0,27,1,0,0,0,0,8,11,0,31,0,0,0,0,3,1,0,80,30,5,0,0,0,0,0,0,0,0,0,0,0,12,0,0,0,0,0,276,0,1,7,1,0,0,0,1,0,3,0,0,0,0,5
1,4,0.5,0,0,0,0,0,0,0,7,0,0,0,0,0,0,0,0,0,0,19,0,0,0,0,0,0,0,0,0,0,0,0,7,0,0,0,35,24,0,0,0,0,0,0,0,0,4,0,0,0,0,0,0,0,0,0,0,0,0,0,0,0,0,0,0,1,0,0,0,0,0,0
1,4,1,0,0,0,0,40,0,0,45,0,0,0,0,0,0,0,0,0,0,41,0,0,0,0,0,0,0,0,82,0,0,0,0,0,2,0,91,5,0,0,0,0,10,0,0,0,0,0,0,0,1,0,0,0,0,0,147,0,0,0,0,0,0,0,0,4,0,0,0,0,0,0
1,4,2,0,5,0,0,10,0,0,77,0,0,0,0,0,0,0,0,0,0,319,0,0,16,0,0,0,0,10,193,0,0,0,3,0,0,0,223,216,0,210,0,0,0,0,0,0,0,0,0,0,0,0,0,0,0,0,206,0,1,0,0,0,11,0,6,1,0,0,0,0,0,32
1,5,0.5,0,0,0,0,0,0,0,45,0,0,0,0,0,0,0,0,0,0,5,0,0,0,0,0,0,0,0,0,0,0,0,0,0,0,0,2,0,0,0,0,0,0,0,0,0,4,1,0,0,0,0,0,0,0,0,0,0,0,0,0,0,0,0,0,0,0,0,0,0,0,8
1,5,1,0,0,0,0,0,0,0,80,0,0,0,1,0,0,0,0,0,0,10,0,0,22,0,0,0,0,0,8,0,0,0,0,0,0,0,99,10,0,0,0,0,1,0,0,0,0,0,0,0,0,0,0,0,0,0,106,0,0,0,0,0,0,0,0,1,0,0,0,0,0,1
1,6,0.5,0,0,0,0,0,0,0,20,0,0,0,0,0,0,0,0,0,0,187,0,0,0,0,0,0,0,0,15,0,0,0,0,0,0,0,0,2,0,62,0,0,0,0,0,0,0,0,0,0,0,0,0,0,0,0,0,0,0,0,0,7,0,0,0,0,0,0,0,0,0,1
1,6,1,0,0,0,0,0,0,0,48,0,0,0,0,0,0,0,0,0,0,27,0,0,0,0,0,0,0,0,4,0,0,0,0,0,1,0,82,0,0,49,0,0,3,0,0,0,1,0,0,0,0,0,0,0,0,0,19,0,1,0,0,0,0,0,13,2,0,0,0,0,0,0
1,7,0.5,0,0,0,0,0,0,0,45,0,0,0,0,0,0,0,0,0,0,32,0,0,0,0,0,0,0,0,6,0,0,0,0,0,0,0,0,8,0,3,0,0,0,0,0,0,0,0,0,0,0,0,0,0,0,0,0,0,0,0,0,0,0,0,0,0,0,0,0,0,0,1
1,7,1,0,0,2,0,7,0,2,400,0,0,0,0,0,0,0,0,0,0,17,0,0,0,0,0,0,0,0,0,0,0,0,0,0,0,0,112,0,0,29,3,0,0,0,0,0,0,0,1,0,0,0,0,0,0,0,27,0,0,0,0,0,1,0,0,0,0,0,0,0,0,1
1,8,0.5,0,0,0,2,0,0,0,2,0,0,0,0,0,0,0,0,2,0,10,0,0,0,0,0,0,0,0,75,0,0,0,0,0,0,0,3,6,0,5,2,0,0,0,0,0,2,0,0,0,0,0,0,0,0,0,0,0,0,0,0,0,0,0,1,0,0,0,0,0,2,0
1,8,1,99,0,0,0,0,0,0,1,0,0,0,0,0,0,0,0,16,0,102,0,0,21,0,0,0,0,0,110,0,1,0,0,0,0,0,52,8,0,0,0,0,0,0,0,0,0,0,0,0,6,0,0,0,0,0,112,0,0,0,0,0,0,0,0,1,0,0,0,0,0,5
2,1,0.5,0,0,0,0,1,0,0,30,0,0,0,0,0,0,0,0,0,0,0,0,0,0,0,0,0,0,0,15,0,0,0,0,0,0,0,0,0,0,66,0,0,0,0,0,0,0,0,0,0,0,0,0,0,0,0,56,0,0,0,0,0,0,0,0,1,1,0,0,0,0,0
2,1,1,1,0,0,0,0,0,1,13,0,0,0,1,0,4,0,0,0,0,0,0,0,0,0,0,0,0,0,4,0,0,0,0,0,0,0,0,18,0,59,5,0,12,0,0,0,0,0,0,0,0,0,0,0,0,0,71,0,0,0,0,0,2,0,9,6,0,0,0,0,0,4
2,1,2,0,0,1,0,5,20,0,142,0,0,0,0,0,0,0,0,0,0,2,6,26,50,0,0,0,0,0,114,0,0,12,0,3,0,0,0,38,0,154,0,0,0,0,0,0,0,0,0,0,0,0,0,0,0,0,193,20,2,3,0,0,0,0,20,13,0,0,0,0,0,122
2,2,0.5,0,0,0,0,0,0,0,50,0,0,0,0,0,0,0,0,0,0,0,2,0,0,0,0,0,0,0,60,0,0,0,0,0,0,0,0,1,0,11,0,0,0,0,0,0,0,0,0,0,11,0,0,0,0,0,0,0,2,0,0,0,0,0,0,1,0,0,0,0,0,0
2,2,1,6,0,1,0,0,0,0,4,0,0,0,0,0,20,0,0,8,0,1,0,0,10.2,0,0,0,0,0,0,0,0,0,0,0,0,0,0,8,0,0,0,0,0,0,0,0,0,0,0,0,4,0,0,0,0,0,88,0,0,0,0,0,20,0,0,0,0,0,0,0,0,2
2,2,2,10,0,0,0,0,0,0,0,0,0,0,0,2,74,0,0,0,0,3,0,0,0,0,0,0,0,0,33,0,0,0,5,16,0,0,0,1,0,71,0,0,0,0,0,0,3,0,0,0,0,0,0,0,0,0,243,0,0,0,0,0,23,0,25,0,0,0,0,0,0,0
2,3,0.5,7,0,0,0,0,0,0,0,0,0,0,0,0,1,0,0,0,0,7,0,0,0,0,0,0,0,0,0,0,0,0,0,0,0,0,0,0,0,137,0,0,0,0,0,0,4,0,0,0,0,0,0,0,0,0,19,0,0,0,0,0,0,0,0,1,0,0,0,0,0,0
2,3,1,0,0,0,0,0,0,0,2,0,0,0,1,0,5,0,0,51,0,8,0,0,0,0,0,0,0,0,55,0,0,0,0,0,0,0,0,7,0,3,0,0,4,0,0,0,4,0,0,0,0,0,0,0,0,0,110,0,0,0,0,0,0,0,6,5,1,0,0,0,0,2
2,3,2,0,0,0,0,0,0,0,46,0,0,1,0,21,0,0,0,5,0,114,3,0,28,0,0,0,0,0,18,0,0,0,0,0,0,0,53,31,0,0,0,0,1,0,0,0,0,0,0,0,6,0,0,0,0,0,175,5,0,5,0,8,17,0,20,12,0,0,0,0,0,17
2,4,0.5,0,0,0,0,0,0,0,35,0,0,0,0,0,0,0,0,0,0,9,0,0,0,0,0,0,0,0,3,0,0,0,0,0,0,0,0,21,0,0,0,0,0,0,0,0,0,0,0,0,0,0,0,0,0,0,0,0,0,0,0,0,39,0,0,7,0,0,0,0,0,21
2,4,1,3,0,1,0,0,0,0,0,0,0,0,2,0,0,0,4,0,0,16,0,0,0,0,0,0,0,0,49,0,0,0,0,6,0,0,4,58,0,0,0,0,13,0,0,0,9,0,0,0,0,0,0,0,0,0,138,0,0,0,0,0,0,0,0,0,0,0,0,0,0,5
2,4,2,3,0,1,0,0,0,0,9,0,0,0,0,3,35,0,0,6,0,178,0,0,34,0,0,0,0,0,183,0,0,0,0,2,0,0,103,268,0,0,0,0,0,0,0,0,4,0,0,0,15,0,0,0,0,0,178,20,1,1,0,0,23,0,4,8,0,0,0,1,0,23
2,5,0.5,0,0,0,0,0,0,0,11,0,0,0,2,1,2,0,0,0,0,9,0,0,0,0,0,0,0,0,0,0,1,0,0,3,0,0,0,72,0,77,0,0,3,0,0,0,1,0,0,0,0,0,0,0,0,0,0,0,0,0,0,0,3,0,0,0,0,0,0,0,0,51
2,5,1,0,0,0,0,0,0,0,9,0,0,0,0,0,0,0,3,0,0,6,16,0,12,0,0,0,0,0,77,0,0,0,0,0,0,0,0,3,0,0,0,0,0,0,0,0,0,0,0,0,0,0,0,0,0,0,161,0,0,23,0,0,0,0,9,0,0,0,0,0,0,0
2,6,0.5,0,0,0,0,0,0,0,3,0,0,0,0,0,32,0,0,0,0,10,0,0,14,0,0,0,0,0,75,0,0,0,0,0,0,0,0,5,0,0,0,0,0,0,0,0,0,0,0,0,0,0,0,0,0,0,45,0,0,0,0,0,0,0,0,1,0,0,0,0,0,0
2,6,1,0,0,1,0,0,0,0,12,0,0,0,1,14,0,0,0,0,0,8,14,0,0,0,0,0,0,0,4,0,0,0,0,0,0,0,0,20,0,64,0,0,0,0,0,0,0,0,0,0,0,0,0,0,0,0,112,0,0,4,5,30,1,0,2,2,0,0,0,0,0,17
2,7,0.5,1,0,0,0,0,0,0,0,0,0,0,0,0,31,0,0,0,0,9,0,0,2,0,0,0,0,0,15,0,0,0,0,0,0,0,0,0,0,0,0,0,0,0,0,0,0,0,0,0,0,0,0,0,0,0,44,0,0,0,0,0,0,0,0,1,0,0,0,0,0,0
2,7,1,0,0,0,0,0,0,0,13,0,1,0,0,0,0,0,0,0,0,16,9,0,20,0,0,0,0,0,114,0,0,0,0,0,0,0,0,0,0,0,0,0,0,0,0,0,0,0,0,0,0,0,0,0,0,0,106,3,0,3,0,0,0,0,10,1,0,0,0,0,0,0
2,8,0.5,0,0,0,0,0,0,0,70,0,0,0,0,0,0,0,0,0,0,9,0,0,0,0,0,0,0,0,6,0,0,0,0,0,77,0,0,1,0,53,0,0,0,0,0,0,0,0,0,0,0,0,0,0,0,0,24,0,0,0,0,12,0,0,0,0,0,0,0,0,0,3
2,8,1,0,0,1,0,0,0,0,30,0,2,0,0,2,1,0,0,4,0,15,0,0,2,0,0,0,0,0,3,0,0,0,0,8,0,0,0,20,0,0,0,0,0,0,0,0,0,0,0,0,1,0,0,0,0,0,77,0,0,0,0,18,17,0,7,0,0,0,0,0,0,0
3,1,0.5,0,0,0,0,0,0,0,7,0,0,0,0,0,0,0,0,0,7,6,0,0,14,0,0,0,0,0,15,0,0,0,0,0,0,0,0,8,0,95,0,0,15,0,0,0,0,0,0,0,0,0,0,0,0,0,5,0,0,0,0,0,0,0,0,1,0,0,0,0,0,5
3,1,1,0,0,0,0,0,0,0,0,0,0,0,0,0,0,0,0,0,0,136,0,0,0,0,0,0,0,0,61,0,0,0,0,0,0,0,0,18,0,0,0,0,1,0,0,0,35,0,0,0,1,0,0,0,0,0,73,6,0,4,0,0,0,0,9,0,0,0,0,0,0,1
3,1,2,0,0,0,0,0,0,0,19,0,0,0,0,0,0,0,0,0,0,485,2,0,0,0,0,0,0,6,22,0,0,0,0,4,0,0,0,80,1,0,0,0,14,0,0,0,2,0,0,0,2,0,0,0,0,0,199,10,0,9,0,0,14,0,13,3,0,0,0,0,0,35
3,2,0.5,0,0,0,0,0,0,0,10,0,0,0,0,0,0,0,0,0,0,0,8,0,10,0,0,0,0,0,2,0,0,0,0,0,0,0,0,0,0,0,0,0,0,0,0,0,0,0,0,0,0,0,0,0,0,0,52,0,0,0,0,0,0,0,0,0,0,0,0,0,0,0
3,2,1,0,0,0,0,0,0,0,0,0,0,0,2,0,0,0,0,0,0,86,0,0,2,0,0,0,0,0,25,0,0,0,0,0,0,0,0,26,0,0,0,0,0,0,0,0,3,0,0,0,0,0,0,0,0,0,83,17,0,0,0,0,0,0,15,0,0,0,0,0,0,0
3,2,2,0,0,3,0,0,1,0,8,0,0,0,0,0,0,0,0,0,0,166,1,0,16,0,0,0,0,6,180,0,0,0,0,2,0,0,0,4,0,65,0,0,2,0,0,0,6,0,0,0,0,0,0,1,0,0,226,19,0,0,0,29,10,0,25,0,0,0,0,0,0,22
3,3,0.5,0,0,0,0,0,10,0,0,0,0,0,0,0,0,0,0,0,0,2,0,0,1,0,0,0,0,0,2,0,0,0,0,0,0,0,0,8,0,17,0,0,0,0,0,0,0,0,0,0,0,0,0,0,0,0,23,0,0,0,0,2,0,0,2,1,0,0,0,0,0,3
3,3,1,0,0,0,0,0,0,0,0,0,0,0,0,0,0,0,0,0,0,280,1,0,3,0,0,0,0,0,0,0,0,0,0,0,0,0,0,78,1,0,0,0,0,0,0,0,1,0,0,0,0,0,0,0,0,0,146,0,0,6,0,5,0,0,0,4,0,0,0,0,0,1
3,3,2,0,0,5,0,0,0,0,74,0,0,0,34,0,0,0,0,0,8,9,1,0,0,0,0,0,0,0,18,0,0,0,0,4,0,0,0,11,1,0,0,0,28,0,0,0,0,0,0,0,2,0,0,0,0,0,244,5,0,22,0,0,23,0,7,0,0,0,0,0,0,4
3,4,0.5,0,0,0,0,0,12,0,0,0,0,0,0,0,0,0,0,0,0,0,0,0,0,0,0,0,0,0,0,0,0,0,0,0,0,0,0,6,0,34,0,0,0,0,0,0,0,0,0,0,0,0,0,0,0,0,55,0,0,0,0,3,0,0,0,0,0,0,0,0,0,13
3,4,1,0,0,1,0,0,0,0,0,0,0,0,0,0,0,0,0,0,0,44,0,0,0,0,0,0,0,0,6,0,0,0,0,0,0,0,0,57,0,1,0,0,0,0,0,0,3,0,0,0,0,0,0,0,0,0,77,0,0,0,0,2,46,0,6,0,0,0,0,0,0,10
3,4,2,0,0,0,0,0,34,0,4.5,0,0,0,0,0,16,0,0,0,0,6,2,0,0,0,0,0,0,0,0,0,0,0,0,4,0,0,0,145,0,66,0,0,2,0,0,0,0,0,0,0,0,0,0,0,0,0,268,0,0,6,0,0,4,0,0,1,0,0,0,0,0,28
3,5,0.5,0,0,0,4,0,5,0,7,0,0,0,0,0,0,0,0,0,0,1,0,0,0,0,0,0,0,0,0,0,0,0,0,0,0,0,0,1,0,0,0,0,0,0,0,0,0,0,0,0,0,0,0,0,0,0,49,0,0,0,0,0,0,0,0,0,0,0,0,0,0,0
3,5,1,0,1,0,0,0,0,1,1,0,5,0,1,0,0,0,0,0,0,104,1,0,2,0,0,0,0,0,16,0,0,0,0,2,0,0,0,45,0,48,0,0,0,0,0,0,29,0,0,0,0,0,0,0,0,0,84,0,1,16,0,9,8,0,13,0,0,0,0,0,0,8
3,6,0.5,0,0,0,0,0,3,0,0,0,0,0,0,0,0,0,0,0,0,0,0,0,0,0,0,0,0,0,0,0,0,0,0,0,0,0,0,2,0,14,0,0,0,0,0,0,0,0,0,0,0,0,0,0,0,0,67,0,0,0,0,0,0,0,0,0,0,0,0,0,0,1
3,6,1,0,0,0,0,0,0,0,5,0,0,0,3,0,0,0,0,0,0,33,0,0,0,0,0,0,0,0,0,0,0,0,0,0,0,0,0,35,0,0,0,0,0,0,0,0,0,0,8,0,0,0,0,0,0,0,142,0,0,0,0,0,0,0,3,0,0,0,0,0,0,0
3,7,0.5,0,0,0,0,0,9,0,1,0,0,0,0,0,4,0,0,0,0,0,1,0,1,0,0,0,0,0,2,0,0,0,0,0,0,0,0,22,0,0,0,0,0,0,0,0,0,0,0,0,0,0,0,0,0,0,69,0,0,0,0,0,0,0,0,22,0,0,0,0,0,0
3,7,1,0,0,0,0,0,5,0,9,0,0,0,0,0,0,0,0,0,0,30,0,0,0,0,0,0,0,0,0,0,0,0,0,1,0,0,0,142,0,7,0,0,0,0,0,0,1,0,0,0,0,0,0,0,0,0,92,0,0,5,0,12,8,0,0,0,0,0,0,0,0,12
3,8,0.5,0,0,0,0,0,5,0,0,0,0,0,0,0,19,0,0,0,0,0,0,0,1,0,0,0,0,0,0,0,0,0,0,0,0,0,0,17,0,0,0,0,0,0,0,0,0,0,0,0,0,0,0,0,0,0,48,0,0,0,0,0,0,0,0,0,0,0,0,0,0,0
3,8,1,0,0,0,0,0,0,0,0,0,0,0,0,0,0,0,0,0,0,2,4,0,0,0,0,0,0,0,4,0,0,0,0,0,0,0,0,63,0,0,0,0,0,0,0,0,1,0,0,0,0,0,0,0,0,0,138,9,0,0,0,5,38,0,2,0,0,0,0,0,0,2
4,1,0.5,0,0,1,0,0,0,0,0,0,0,0,0,0,15,0,0,0,0,0,2,0,0,0,0,0,0,0,30,0,0,0,0,1,0,0,0,5,0,75,0,0,0,0,0,0,0,0,0,0,0,0,0,0,0,0,13,0,0,0,0,0,1,0,0,0,0,0,0,0,0,0
4,1,1,0,0,0,0,0,0,0,8,0,0,0,0,0,10,0,0,0,2,2,9,0,12,0,0,0,0,0,34,0,0,0,0,2,0,0,7,26,0,0,0,0,1,0,0,0,0,0,0,0,0,0,0,0,0,0,158,1,0,0,0,0,0,0,1,1,0,0,0,0,0,0
4,1,2,0,0,0,0,10,0,0,3,0,0,0,14,0,27,0,0,0,0,14,0,0,16,0,1,0,0,0,66,1,0,0,0,2,0,0,0,126,0,67,0,0,0,0,0,0,0,0,0,0,0,0,0,0,0,2,179,13,0,0,0,0,80,0,6,1,0,0,0,0,1,3
4,2,0.5,0,0,0,0,0,0,0,0,0,0,0,0,0,11,0,0,14,0,0,0,0,0,0,0,0,0,0,285,0,0,0,0,0,0,0,0,0,0,0,0,0,0,0,0,0,0,0,0,0,0,0,0,0,0,0,31,0,0,0,0,0,0,0,0,0,0,0,0,0,0,0
4,2,1,0,0,0,0,0,20,0,0,0,0,0,5,0,12,3,1,1,0,29,3,0,2,0,0,1,0,0,0,0,0,0,0,3,0,0,0,25,0,1,0,0,11,0,0,0,0,0,0,0,2,0,0,0,0,0,80,0,0,1,0,0,0,0,0,0,0,0,0,0,0,7
4,2,2,0,0,0,0,0,65,0,48,0,0,0,6,0,10,0,0,0,16,107,1,0,0,0,0,0,0,0,106,0,0,0,0,2,8,0,0,107,0,67,4,0,1,0,0,0,12,0,0,0,0,0,0,0,0,0,242,5,0,8,0,0,40,0,27,1,0,0,0,0,0,6
4,3,0.5,0,0,1,0,0,0,0,0,0,0,0,0,0,0,0,0,4,0,29,1,0,0,0,0,0,0,0,195,0,0,0,0,0,0,0,0,10,0,0,0,0,0,0,0,0,0,0,0,0,0,0,0,0,0,0,45,0,0,0,0,0,0,0,0,3,0,0,0,0,0,0
4,3,1,0,0,0,0,0,0,0,6,4,0,0,2,0,16,0,0,0,0,5,0,0,0,0,0,0,0,0,24,0,0,0,0,6,0,0,0,16,0,25,0,0,0,0,0,0,0,0,0,0,0,0,0,0,0,0,33,18,0,0,0,0,2,0,25,0,0,0,0,0,0,0
4,3,2,0,0,0,0,4,0,0,12,0,0,0,20,0,31,0,0,0,0,32,1,0,18,0,0,0,0,0,180,0,0,0,0,4,0,0,0,103,0,0,0,0,5,0,0,0,0,0,0,0,1,0,0,0,0,2,131,1,0,1,0,0,23,0,0,2,0,0,0,0,0,0
4,4,0.5,0,0,0,0,0,0,0,1,0,0,0,0,0,0,0,0,0,0,9,0,0,0,0,0,0,0,0,90,0,0,0,0,0,0,0,0,0,0,7,0,0,0,0,0,0,0,0,0,0,0,0,0,0,0,0,16,3,0,0,0,0,0,0,5,1,0,0,0,0,0,0
4,4,1,0,0,0,0,0,1,0,4,0,0,0,4,0,13,0,0,0,0,23,0,0,3,0,0,0,0,0,6,0,0,0,0,0,0,0,0,134,1,8,0,0,0,0,0,0,1,0,0,0,0,0,0,0,0,0,94,0,0,2,0,9,0,0,17,1,0,0,0,0,1,4
4,4,2,0,0,3,0,0,0,0,6,0,0,0,0,0,52,0,0,39,0,31,0,0,64,0,0,0,0,0,34,0,1,0,0,0,0,0,0,152,0,0,0,0,0,0,0,0,0,0,0,0,6,0,0,0,0,0,269,0,0,4,0,0,1,0,0,1,0,0,0,0,0,1
4,5,0.5,0,0,0,0,0,0,0,0,0,0,0,0,0,0,0,0,0,0,4,0,0,0,0,0,0,0,0,60,0,0,0,0,0,0,0,0,0,0,0,0,0,1,0,0,0,1,0,0,0,0,0,0,0,0,0,56,0,0,0,0,11,0,0,12,0,0,0,0,0,0,0
4,5,1,0,0,0,0,0,0,0,5,0,0,0,0,0,13,0,0,0,1,34,0,0,0,0,0,0,0,0,16,0,0,0,0,3,0,0,0,70,0,0,0,0,0,0,0,0,1,0,0,0,0,0,0,0,0,0,92,0,0,9,0,1,0,0,0,2,0,0,0,0,0,3
4,6,0.5,0,0,0,1,0,0,0,3,0,0,0,0,0,2,0,0,0,0,74,0,0,0,0,0,1,0,0,75,0,0,0,0,1,0,0,0,39,0,0,0,0,9,0,0,0,0,0,0,0,23,1,0,0,0,0,16,0,0,2,0,0,0,0,0,0,0,0,0,0,0,0
4,6,1,0,0,0,0,47,0,0,0,0,0,0,0,0,13,0,0,0,0,110,0,0,0,0,0,0,0,0,19,0,0,0,0,1,0,0,0,77,0,24,0,0,1,0,0,0,0,0,0,0,0,0,0,0,0,0,79,0,0,2,0,0,0,0,10,1,0,0,0,0,1,0
4,7,0.5,0,0,0,0,0,0,0,0,0,0,0,0,0,0,0,0,16,0,3,0,0,0,0,0,0,0,0,15,0,0,0,0,0,0,0,0,1,0,0,0,0,0,0,0,0,0,0,0,0,0,0,0,0,0,0,48,0,0,0,0,0,0,0,0,0,0,0,0,0,0,0
4,7,1,0,0,0,0,0,0,0,0,0,0,0,0,0,34,0,0,0,0,27,10,0,0,0,0,0,0,0,360,0,2,0,0,1,0,0,0,13,0,0,0,0,3,0,0,0,0,0,0,0,0,0,0,0,0,0,122,0,0,6,0,0,2,0,0,0,0,0,0,0,0,0
4,8,0.5,0,0,1,0,0,0,0,25,0,0,0,0,0,0,0,0,0,0,4,0,0,0,0,0,0,0,0,75,0,0,0,0,0,0,0,0,3,0,0,0,0,0,0,0,0,0,0,0,0,0,0,0,0,0,0,34,0,0,0,0,0,0,0,0,2,0,0,0,0,0,0
4,8,1,0,0,0,0,0,0,0,0,0,0,0,0,0,15,0,0,0,0,8,0,0,0,0,0,0,0,0,164,0,0,0,0,0,0,0,0,4,0,0,1,0,0,0,0,0,0,0,0,0,0,0,0,0,0,0,159,2,0,0,0,1,1,0,0,3,0,0,0,0,0,0
5,1,0.5,0,0,0,0,0,0,0,0,0,0,0,0,0,0,0,0,0,0,0,6,0,1,0,0,0,0,0,60,0,0,0,0,0,0,0,0,0,0,0,0,0,0,0,0,0,0,0,0,0,0,0,0,0,0,0,82,20,0,0,0,0,1,0,0,0,0,0,0,0,0,0
5,1,1,2,0,10,0,11,103,0,4,0,0,0,0,0,0,0,0,0,0,3,0,0,0,0,0,0,0,6,83,0,0,0,0,1,41,0,0,6,8,93,0,0,11,0,0,0,0,0,0,0,0,0,0,0,0,0,58,0,0,0,2,6,0,0,0,0,0,0,0,0,0,24
5,1,2,152,0,1,0,103,10,0,7,0,0,0,0,0,0,0,0,0,5,0,3,0,0,0,1,0,0,0,42,23,0,0,0,0,0,0,0,24,3,207,0,0,60,0,0,0,3,0,1,0,0,0,0,0,0,0,206,0,0,0,0,36,31,0,10,8,0,0,0,0,6,20
5,2,0.5,0,0,0,0,0,0,0,0,0,0,0,0,0,1,0,0,0,0,0,0,0,1,0,0,0,0,0,2,0,0,0,0,0,0,0,0,0,0,0,0,0,0,0,0,0,0,0,0,0,0,0,0,0,0,0,69,0,0,0,0,0,7,0,0,0,0,0,0,0,0,0
5,2,1,0,0,1,0,0,0,0,0,0,0,0,0,0,3,0,0,0,0,0,0,0,0,0,0,0,0,0,234,0,0,0,0,0,0,0,0,11,0,0,0,0,0,0,0,0,1,0,0,0,0,0,0,0,0,0,158,1,0,0,0,0,0,0,4,0,0,0,0,0,0,0
5,2,2,0,0,17,0,6,0,0,62,0,0,0,86,0,55,0,0,0,0,21,3,0,0,0,0,0,0,0,152,0,0,0,0,0,0,0,0,149,0,51,0,0,150,0,0,0,0,0,1,0,0,0,3,0,0,1,188,6,0,2,0,5,0,0,3,3,0,0,0,0,0,21
5,3,0.5,0,0,1,0,0,0,0,30,0,0,0,0,0,5,0,1,0,0,0,1,0,0,0,0,0,0,0,150,0,0,0,0,0,0,0,0,21,0,0,0,0,0,0,0,0,0,0,0,0,0,0,0,0,0,0,34,0,0,0,0,0,0,0,0,10,0,0,0,0,0,11
5,3,1,0,0,6,0,0,0,0,2,0,0,0,0,0,2,6,0,49,0,0,0,0,0,0,6,0,0,0,22,0,0,0,0,0,0,0,0,12,0,2,0,0,15,0,0,0,0,0,0,0,0,0,0,0,0,0,119,0,0,6,0,82,18,0,0,13,0,0,0,2,0,30
5,3,2,0,0,9,0,1,0,0,255,0,0,0,0,0,9,6,0,0,0,88,0,0,0,0,4,24,0,0,173,0,0,0,0,1,0,0,0,113,0,4,0,0,34,0,0,0,2,0,0,0,2,0,0,0,0,0,328,19,0,54,8,36,1,0,3,0,0,0,0,0,0,3
5,4,0.5,0,0,0,0,0,0,0,0,0,0,0,0,0,1,0,1,0,0,1,0,0,1,0,0,0,0,0,2,0,0,0,0,0,0,0,0,0,0,0,0,0,0,0,0,0,0,0,0,0,0,0,0,0,0,0,27,2,0,0,0,1,0,0,14,0,0,0,0,0,0,0
5,4,1,0,0,0,0,0,0,0,0,0,0,0,0,0,8,0,0,0,0,0,0,0,0,0,0,0,0,0,49,0,0,0,0,0,0,0,0,23,0,0,0,0,9,0,0,0,0,0,0,0,0,0,0,0,0,0,208,9,0,0,0,9,0,0,12,1,0,0,0,0,0,4
5,4,2,0,0,4,0,0,1,0,1,0,0,0,0,0,20,0,0,0,0,24,2,0,0,0,0,0,0,14,267,2,0,0,0,0,0,0,0,124,2,0,0,0,41,0,0,0,0,0,0,0,0,0,0,0,0,0,314,0,0,4,0,13,35,0,31,8,0,0,0,0,0,76
5,5,0.5,0,0,0,0,2,0,0,15,0,0,0,12,0,4,0,0,0,0,0,1,0,0,0,0,0,0,0,60,0,0,0,0,0,0,0,0,0,2,21,0,0,0,0,0,0,0,0,0,0,0,0,0,0,0,0,15,0,0,0,0,2,0,0,0,1,0,0,0,0,0,1
5,5,1,0,0,2,0,0,0,0,0,0,0,0,0,0,0,12,0,0,0,19,0,0,0,0,0,0,0,0,8,0,0,0,0,0,0,0,0,222,0,0,0,0,36,0,0,0,0,0,0,0,4,0,0,0,0,0,92,0,0,0,0,12,80,0,0,7,0,0,0,0,0,22
5,6,0.5,0,0,1,0,2,0,0,0,0,0,0,0,0,4,0,0,4,0,8,0,0,0,0,0,0,0,0,0,0,0,0,0,0,0,0,0,1,0,0,0,0,13,0,0,0,0,0,0,1,0,0,0,0,0,0,35,0,0,0,0,12,0,0,3,1,0,0,0,0,0,6
5,6,1,0,0,2,0,0,0,0,1,0,0,0,0,1,6,0,0,0,0,0,1,0,2,0,0,0,0,0,127,0,0,0,0,0,0,0,0,30,0,41,0,0,8,0,0,0,0,0,0,0,0,0,0,0,0,0,120,0,0,0,0,0,0,0,4,0,0,0,0,0,0,0
5,7,0.5,0,0,0,0,0,0,0,1,0,0,0,0,0,7,0,0,0,0,0,3,0,0,0,0,0,0,0,0,0,0,0,0,0,0,0,0,0,0,0,0,0,0,0,0,0,0,0,0,0,0,0,0,0,0,0,78,0,0,0,0,0,0,0,9,0,0,0,0,0,0,0
5,7,1,0,0,0,0,0,0,0,2,0,0,0,0,0,0,0,0,0,0,8,0,0,0,0,0,0,0,4,2,0,1,0,0,0,0,0,0,19,0,0,0,0,0,0,0,0,0,0,0,0,0,0,0,0,0,0,197,0,0,0,0,3,7,0,0,2,0,0,0,0,0,6
5,8,0.5,0,0,0,0,0,8,0,20,0,0,0,0,0,2,0,0,0,0,2,4,0,0,0,0,0,0,0,21,0,0,0,0,0,0,0,0,0,2,21,0,0,1,0,0,0,0,0,0,0,0,0,0,0,0,0,4,0,0,0,0,0,0,0,0,0,0,0,0,0,0,0
5,8,1,0,0,0,0,0,0,0,0,0,0,0,0,0,0,0,0,0,0,5,0,0,0,0,0,0,0,0,85,0,0,0,0,0,0,0,0,11,0,0,0,0,6,0,0,0,2,0,0,0,0,0,0,0,0,0,160,0,0,0,0,0,3,0,5,2,0,0,0,0,0,2
6,1,0.5,0,0,0,0,0,0,0,0,0,0,0,0,0,0,0,0,0,0,0,0,0,4,0,0,0,0,0,0,0,0,0,0,0,0,0,0,8,0,0,0,0,0,0,0,1,0,0,0,0,0,0,0,0,0,0,46,0,0,0,0,2,0,0,0,1,0,0,0,0,0,0
6,1,1,1,0,2,0,39,0,0,9,0,0,0,1,0,0,0,0,0,0,10,0,0,0,0,0,25,0,0,0,0,0,0,0,0,0,0,0,0,0,133,0,0,0,0,0,0,0,2,0,0,0,0,0,0,0,0,124,0,0,0,0,6,26,0,0,11,0,0,0,1,0,37
6,1,2,26,0,2,0,0,0,0,6,0,0,0,1,0,4,0,0,0,0,32,0,0,0,0,0,0,0,2,30,0,0,0,0,2,0,0,0,0,0,0,0,0,0,0,0,0,0,0,0,0,0,0,0,0,0,0,132,0,0,0,0,41,50,0,0,16,0,0,0,0,2,49
6,2,0.5,1,0,1,0,0,0,0,0,0,0,0,0,0,2,16,0,4,0,22,0,0,4,0,0,0,0,0,0,0,0,0,0,1,0,0,0,0,0,0,0,0,0,0,0,0,0,1,0,0,0,0,0,0,0,0,49,0,0,0,0,10,0,0,0,12,0,0,0,0,0,5
6,2,1,3,0,0,0,0,0,0,0,0,0,0,0,0,0,0,0,0,0,0,0,0,0,0,0,0,0,0,0,0,0,0,0,0,0,0,0,0,0,0,0,0,5,0,0,0,0,0,0,0,1,0,0,0,0,0,142,0,0,1,0,4,0,0,0,7,0,0,0,0,0,0
6,2,2,15,0,5,0,24,0,0,11,0,0,0,0,0,0,1,0,0,0,6,0,0,0,0,0,0,0,0,616,0,0,0,0,0,0,0,72,3,2,62,0,0,59,0,0,0,0,0,0,0,0,0,0,0,0,0,157,0,0,3,0,14,0,0,20,2,0,0,7,0,15,35
6,3,0.5,0,0,0,0,0,0,0,5,0,0,0,0,1,0,0,0,0,0,0,0,0,0,0,0,0,0,0,0,0,0,0,0,0,0,0,0,0,0,44,0,0,0,0,0,2,0,0,0,0,0,0,0,0,0,0,0,0,0,0,0,0,0,0,0,2,0,0,0,0,0,5
6,3,1,125,0,0,0,0,0,0,0,0,0,0,3,0,0,13,0,0,0,1,0,0,2,0,0,0,0,0,0,0,0,0,1,0,0,0,0,4,15,50,0,0,0,0,0,0,0,0,0,0,1,0,0,0,0,0,100,0,0,0,0,6,0,0,0,14,0,0,0,0,0,1
6,3,2,0,0,8,0,134,0,0,21,0,0,2,0,0,11,33,0,0,0,18,0,0,0,0,28,0,0,0,548,0,0,0,0,12,0,0,4,0,0,0,0,0,0,0,0,0,0,18,0,0,0,0,0,0,0,0,132,0,0,0,0,175,49,0,2,9,0,0,0,1,0,213
6,4,0.5,0,0,2,0,0,0,0,0,0,0,0,0,0,0,0,0,0,0,0,0,0,0,0,0,0,0,0,0,0,0,0,0,0,0,0,18,0,0,7,0,0,1,0,0,0,0,0,0,0,0,0,0,5,0,0,18,0,0,2,0,0,0,0,0,0,0,0,0,0,0,0
6,4,1,0,0,3,0,0,0,0,0,0,0,0,0,1,0,0,0,0,0,9,0,0,52,0,0,0,0,0,0,0,0,0,0,0,0,0,0,2,0,0,0,0,0,0,0,0,0,0,0,0,0,0,0,0,0,0,109,0,0,0,0,1,0,0,5,34,0,0,0,0,0,1
6,4,2,0,0,8,0,37,0,0,0,0,0,0,0,0,0,0,0,0,0,2,0,0,0,0,0,0,0,0,180,0,0,0,0,1,1,0,85,9,0,91,0,0,30,0,0,0,0,0,0,0,0,0,0,3,0,0,213,0,0,0,0,8,0,0,71,16,0,0,0,0,0,53
6,5,0.5,0,0,0,0,0,0,0,0,0,0,0,0,0,0,0,0,0,0,0,0,0,0,0,0,0,0,0,30,0,0,0,0,0,0,0,0,0,0,0,0,0,0,0,0,1,0,0,0,0,1,0,0,0,0,0,46,8,0,0,0,0,0,0,0,0,0,0,0,0,0,0
6,5,1,1,0,2,0,39,0,0,1,0,0,0,1,0,0,0,0,0,0,10,0,0,0,0,0,25,0,0,0,0,0,0,0,0,0,0,0,0,0,133,0,0,0,0,0,0,0,2,0,0,0,0,0,0,0,0,46,0,0,0,0,6,0,0,4,11,0,0,0,1,0,37
6,6,0.5,0,0,0,0,0,0,0,0,0,0,0,0,0,0,0,0,0,0,0,0,0,0,0,0,0,0,0,0,0,0,0,0,0,0,0,0,0,0,20,0,0,0,0,0,0,0,0,0,0,0,0,0,0,0,0,40,25,0,0,0,0,0,0,0,0,0,0,0,0,0,0
6,6,1,0,0,0,0,0,0,0,0,0,0,0,0,0,0,3,0,0,0,2,0,0,3,0,0,0,0,0,0,0,0,0,0,0,0,0,0,0,0,0,0,0,2,0,0,0,0,0,0,0,1,0,0,0,0,0,118,0,0,0,0,7,0,0,12,6,0,0,0,0,0,3
6,7,0.5,0,0,0,0,0,0,0,1,0,0,0,0,0,9,0,0,0,0,0,1,0,0,0,0,0,0,0,0,0,0,0,0,0,0,0,0,0,0,0,0,0,0,0,0,0,0,0,0,0,0,0,0,0,0,0,48,0,0,0,0,0,0,0,0,0,0,0,0,0,0,0
6,7,1,0,0,0,0,0,5,0,0,0,0,0,0,0,2,13,0,18,0,0,0,0,5,0,0,0,0,0,0,0,0,0,0,3,0,0,160,0,0,0,1,0,0,0,0,0,0,0,0,0,0,0,0,0,0,0,103,0,0,0,0,2,0,0,0,3,0,0,0,0,0,0
6,8,0.5,0,0,0,0,1,0,0,0,0,0,0,0,0,0,20,0,0,0,0,0,0,0,0,0,0,0,0,6,0,0,0,0,0,0,0,4,0,0,6,0,0,0,0,0,0,0,0,0,0,0,0,0,0,0,0,52,0,0,1,0,3,0,0,0,2,0,0,0,0,0,0
6,8,1,0,0,1,0,7,3,0,4,0,0,0,4,0,0,0,0,0,0,0,0,0,0,0,1,0,0,0,0,0,20,0,0,0,0,0,0,0,0,8,0,0,1,0,0,0,0,0,0,0,0,0,0,0,0,0,17,0,0,0,0,6,0,0,0,3,0,0,0,0,0,121
7,1,0.5,0,0,0,0,0,0,0,0,0,0,0,0,0,1,0,0,0,0,1,0,0,0,0,0,0,0,0,30,0,0,0,0,0,0,0,0,1,0,0,0,0,0,0,0,0,0,0,0,0,1,0,0,0,0,0,58,0,0,1,0,3,0,0,0,0,0,0,0,0,0,1
7,1,1,0,0,0,0,0,0,0,4,0,0,0,3,0,12,0,0,0,0,8,0,0,0,0,0,0,0,2,0,0,1,0,0,0,0,0,30,4,0,0,0,0,0,0,0,0,0,0,0,0,0,0,0,0,0,0,155,0,0,0,1,1,0,0,0,2,0,0,0,0,0,0
7,1,2,0,0,1,0,1,0,0,0,0,0,11,0,0,10,0,0,5,0,11,0,0,64,0,0,0,0,0,80,0,0,0,14,0,10,0,9,3,4,0,0,0,18,0,0,0,0,0,0,0,12,0,0,0,0,0,232,15,0,0,0,25,5,0,0,11,0,0,0,1,0,76
7,2,0.5,0,0,1,0,2,0,0,0,0,0,1,0,0,2,0,0,0,0,2,1,0,10,0,0,0,0,0,30,0,0,0,0,0,0,0,0,16,0,72,0,0,0,0,0,0,0,0,0,0,0,0,0,0,0,0,25,0,0,0,0,13,0,0,0,1,0,0,0,0,0,0
7,2,1,0,0,1,0,19,0,0,0,0,0,2,0,0,9,4,0,0,0,23,0,0,86,0,0,0,0,0,0,0,2,0,0,0,0,0,5,0,0,39,0,0,4,0,0,0,1,0,0,0,0,0,0,0,0,0,89,0,0,0,0,36,0,0,0,5,0,0,0,0,0,3
7,2,2,0,0,0,0,0,0,0,0,0,0,10,3,4,8,0,0,0,0,371,0,0,99,0,0,0,0,0,492,0,0,0,0,0,0,0,52,0,0,0,0,0,35,0,0,0,10,0,0,0,0,0,0,0,0,0,222,2,0,9,0,6,19,0,0,11,0,0,0,0,0,28
7,3,0.5,0,0,0,0,0,0,0,0,0,0,0,0,1,2,0,0,0,0,3,0,0,8,0,0,0,0,0,6,0,0,0,0,0,0,0,1,0,0,74,0,0,0,0,0,0,1,0,0,0,0,0,0,0,0,0,0,0,0,2,0,0,0,0,0,1,0,0,0,0,0,0
7,3,1,0,0,0,0,0,0,0,0,0,0,0,0,0,10,0,0,0,0,7,1,0,2,0,0,0,0,0,0,0,0,0,0,0,0,0,1,3,0,0,0,0,0,0,0,0,2,0,0,0,0,0,0,0,0,0,99,7,0,0,0,1,13,0,0,3,0,0,0,0,0,0
7,3,2,0,0,3,0,60,0,0,0,0,0,3,0,25,46,0,0,0,0,12,2,0,16,0,1,0,0,0,226,0,0,0,0,0,0,0,2,30,0,24,0,0,69,0,0,6,10,6,0,0,0,0,0,0,0,0,243,4,1,1,0,88,31,0,2,6,0,0,0,1,0,7
7,4,0.5,0,0,0,0,0,0,0,0,0,0,0,0,0,2,0,0,0,0,0,0,0,4,0,0,0,0,0,15,0,0,0,0,0,0,0,0,0,0,0,0,0,0,0,0,0,0,0,0,0,0,0,0,0,0,0,37,2,0,0,0,0,0,0,0,0,0,0,0,0,0,0
7,4,1,0,0,0,0,0,0,0,0,0,0,0,0,0,8,0,0,0,0,2,0,0,6,0,0,0,0,0,255,0,4,0,0,0,0,0,3,0,0,0,0,0,4,0,0,0,1,0,0,0,0,0,0,0,0,0,102,0,0,0,0,21,0,0,3,3,0,0,0,0,0,1
7,4,2,0,0,14,0,289,0,1,3,0,0,5,15,1,84,5,0,0,0,118,0,0,16,0,0,0,0,0,0,0,0,0,0,0,0,0,0,6,0,119,0,1,46,0,0,0,1,0,0,0,0,0,0,0,0,0,169,4,2,7,0,27,0,0,15,2,0,0,0,0,0,6
7,5,0.5,0,0,0,0,0,0,0,0,0,0,0,0,0,0,0,1,0,1,0,0,0,0,0,0,0,0,0,2,0,0,0,0,0,0,0,0,0,0,0,0,0,0,0,0,0,0,0,0,0,1,0,0,0,0,0,135,0,0,0,0,0,1,0,0,0,0,0,0,0,0,0
7,5,1,0,0,1,0,0,0,0,0,0,0,0,10,0,26,2,0,0,0,31,0,0,26,0,0,0,0,0,41,0,0,0,0,0,0,0,0,27,0,0,0,0,6,0,0,0,0,6,0,0,4,0,0,0,0,0,46,0,0,2,0,124,0,0,30,4,0,0,0,0,0,50
7,6,0.5,0,0,0,0,0,0,0,0,0,0,0,0,3,0,0,0,0,0,0,0,0,0,0,0,0,0,0,30,0,0,0,0,0,0,0,10,0,0,0,0,0,0,0,0,0,1,0,0,0,0,0,0,0,0,0,126,0,0,0,0,0,0,0,0,0,0,0,0,0,0,0
7,6,1,0,0,0,0,0,0,0,0,0,0,0,0,0,13,0,0,0,0,2,0,0,40,0,0,0,0,0,104,0,0,0,0,0,0,0,0,0,0,39,0,0,0,0,0,0,0,0,0,0,0,0,0,0,0,0,95,0,0,0,0,11,0,0,12,1,0,0,0,0,0,0
7,7,0.5,0,0,0,0,0,0,0,0,0,0,0,0,9,0,0,0,0,0,21,0,0,1,0,0,0,0,0,0,0,0,0,0,0,0,0,0,0,0,0,0,0,0,0,0,0,0,0,0,0,0,0,0,0,0,0,29,0,0,0,0,13,0,0,0,1,3,0,0,0,0,0
7,7,1,1,0,5,0,0,0,0,0,0,0,1,0,2,17,0,0,0,0,20,0,0,40,0,0,0,0,0,0,0,2,0,0,0,0,0,1,26,0,0,0,0,23,0,0,0,1,0,0,0,0,0,0,0,0,0,74,0,0,0,0,10,0,0,0,1,0,0,0,0,0,11
7,8,0.5,0,0,0,0,0,0,0,0,0,0,0,0,0,4,0,0,0,0,3,0,0,1,0,0,0,0,0,0,0,0,0,0,0,0,0,0,0,0,54,0,0,0,0,0,0,0,0,0,0,0,0,0,0,0,0,36,0,0,0,0,0,0,0,0,0,2,0,0,0,0,0
7,8,1,0,0,0,0,0,0,0,0,0,0,0,2,4,23,0,0,0,0,5,3,0,2,0,0,0,0,0,8,0,0,0,0,0,0,0,0,4,0,0,0,0,4,0,0,0,6,0,0,0,0,0,0,0,0,0,113,19,0,0,0,25,0,0,6,1,0,0,0,0,0,0
8,1,0.5,0,0,0,0,0,0,0,0,0,0,0,0,0,1,0,6,0,0,0,0,0,0,0,0,0,0,0,225,0,0,0,0,0,0,0,0,0,0,21,0,0,0,0,0,0,1,0,0,0,0,0,0,0,0,0,82,0,0,0,0,0,0,0,0,0,0,0,0,0,0,0
8,1,1,0,0,0,0,0,0,0,0,0,0,0,0,0,43,0,0,0,40,10,0,0,0,0,0,0,0,0,31,0,3,0,0,0,3,0,0,33,0,45,0,0,8,0,0,0,0,0,0,0,0,0,0,0,0,1,45,0,0,0,0,0,0,0,13,0,0,0,0,0,0,14
8,1,2,0,0,1,0,1,0,0,0,0,0,0,4,2,31,0,0,0,0,7,0,0,0,0,0,0,0,0,1084,0,2,0,0,0,0,0,0,53,0,125,0,0,8,0,0,0,1,0,0,0,0,0,0,0,0,0,97,6,1,7,0,7,0,0,25,2,2,0,0,0,1,47
8,2,0.5,0,0,1,0,0,0,0,5,0,0,0,1,0,1,0,2,0,0,2,0,0,0,0,0,0,0,0,105,0,0,0,0,0,0,0,0,19,0,0,0,0,6,0,0,0,3,0,0,0,0,0,0,0,0,0,14,0,1,1,0,4,4,0,3,2,0,0,0,0,0,7
8,2,1,0,0,0,0,0,0,0,0,0,0,0,0,0,0,0,0,10,0,1,0,0,0,0,0,0,0,0,935,0,0,0,0,0,0,0,0,0,0,0,0,0,0,0,0,0,0,0,0,0,0,0,0,0,0,0,61,0,0,1,0,0,0,0,0,1,0,0,0,0,0,0
8,2,2,33,0,0,0,0,0,0,3,0,0,0,0,2,0,1,3,9,0,16,0,0,0,0,0,0,0,10,1528,0,1,0,0,0,0,0,59,61,0,0,0,0,0,0,0,0,1,0,0,0,0,0,0,0,0,0,133,5,0,1,0,2,0,0,5,6,0,0,0,0,0,26
8,3,0.5,0,0,0,0,5,0,0,0,0,0,0,0,0,0,0,0,0,0,1,0,0,0,0,0,0,0,0,15,0,0,0,0,0,0,0,0,5,0,21,0,0,5,0,0,0,0,0,0,0,0,0,0,0,0,0,39,4,0,0,0,0,0,0,0,0,0,0,0,0,0,0
8,3,1,0,0,0,0,0,9,0,20,0,0,0,0,3,0,0,0,0,0,7,1,0,0,0,0,0,0,0,865,0,0,0,0,0,0,0,0,5,0,66,0,0,0,0,0,0,1,0,0,0,0,0,0,0,0,0,24,6,1,0,0,0,0,0,0,0,0,0,0,0,0,0
8,3,2,0,0,1,0,1,4,0,13,0,0,0,3,0,46,0,0,0,0,24,0,0,0,0,0,0,0,0,2778,0,0,0,0,0,0,0,0,159,0,263,0,0,0,0,0,0,1,0,0,0,0,0,0,0,0,0,88,2,0,0,0,0,0,0,26,0,0,0,0,0,1,5
8,4,0.5,0,0,0,0,0,0,0,0,0,0,0,0,0,0,0,0,14,0,0,0,0,0,0,0,0,0,0,270,0,0,0,0,0,0,0,1,0,0,0,0,0,0,0,0,0,0,0,0,0,0,0,0,0,0,0,47,0,0,0,0,0,0,0,0,0,0,0,0,0,0,0
8,4,1,0,0,0,0,0,0,0,0,0,0,0,0,0,1,0,0,0,0,3,0,0,0,0,0,0,0,0,500,0,0,0,0,0,0,0,0,2,0,0,0,0,0,0,0,0,0,0,0,0,0,0,0,0,0,0,123,0,0,0,0,0,0,0,0,0,0,0,0,0,0,0
8,4,2,0,0,1,0,0,0,0,58,0,0,0,0,0,0,0,3,6,0,23,0,0,0,0,0,2,1,0,4450,0,0,0,0,0,0,0,0,25,0,0,0,0,0,0,0,0,0,0,0,0,8,0,0,0,0,0,137,0,0,0,0,0,0,0,6,4,0,0,0,0,0,0
8,5,0.5,0,0,0,0,3,0,0,0,0,0,0,0,0,0,0,6,0,0,0,12,0,0,0,0,0,0,0,270,0,0,0,0,0,0,0,13,0,0,62,0,0,0,0,0,0,0,0,0,0,0,0,0,0,0,0,23,0,0,0,0,0,0,0,0,0,0,0,0,0,0,0
8,5,1,0,0,1,1,0,0,0,240,0,0,0,0,0,1,0,0,0,0,1,0,0,0,0,0,0,0,0,540,0,0,0,0,0,0,0,0,0,0,0,0,0,0,0,0,0,0,0,0,0,1,0,0,0,0,0,0,25,0,0,0,0,0,0,0,0,0,0,0,0,0,0
8,6,0.5,0,0,3,0,1,0,0,2,0,0,0,0,0,0,0,0,1,0,0,0,0,0,0,0,0,0,0,24,0,2,0,0,0,0,0,7,13,0,33,0,0,0,0,0,0,0,0,0,0,0,0,0,0,0,0,21,0,0,1,0,0,0,0,0,0,0,0,0,0,0,9
8,6,1,0,0,0,0,0,0,0,20,0,0,0,0,0,8,0,0,0,0,10,0,0,0,0,0,0,0,0,450,0,0,0,0,0,0,0,6,18,0,3,0,0,0,0,0,0,2,0,0,0,1,0,0,0,0,0,81,0,0,3,0,0,0,0,17,2,0,0,0,0,2,0
8,7,0.5,0,0,0,0,0,0,0,0,0,0,0,0,0,0,0,0,11,0,16,0,0,0,0,0,0,0,0,24,0,3,0,0,0,0,0,54,22,0,0,0,0,0,0,0,0,0,0,0,0,0,0,0,0,0,0,31,2,0,1,0,5,0,0,0,0,0,0,0,0,0,3
8,7,1,0,0,0,0,0,0,0,21,0,0,0,0,0,0,0,0,0,0,2,0,0,0,0,0,0,0,0,820,0,0,0,0,0,0,0,0,0,0,1,0,0,0,0,0,0,0,0,0,0,0,0,0,0,0,0,32,3,0,0,0,0,0,0,7,0,0,0,0,0,0,0
8,8,0.5,0,0,0,0,0,0,0,0,0,0,0,0,0,0,0,0,0,0,0,0,0,0,0,0,0,0,0,300,0,0,0,0,0,0,0,5,0,0,0,0,0,0,0,0,0,0,0,0,0,0,0,0,0,0,0,0,0,0,0,0,0,0,0,0,0,0,0,0,0,0,0
8,8,1,0,0,0,0,0,0,0,12,0,0,0,0,0,0,0,3,0,0,32,0,0,0,0,0,0,3,0,330,0,0,0,0,0,0,0,0,39,0,0,0,0,0,0,0,0,0,0,0,0,2,0,0,0,0,0,44,9,0,0,0,0,0,0,6,3,0,0,0,0,0,0
9,1,0.5,0,0,0,0,0,0,0,0,0,0,0,0,0,0,0,0,0,0,0,0,0,0,0,0,0,0,0,60,0,0,0,0,0,0,0,0,0,0,0,0,0,0,0,0,0,0,0,0,0,29,0,0,0,0,0,0,0,0,0,0,0,0,0,0,0,0,0,0,0,0,0
9,1,1,0,0,0,9,0,0,0,0,0,0,0,0,0,0,0,0,0,0,2,0,0,0,0,0,0,0,0,660,0,0,0,0,0,0,0,0,0,0,0,0,0,0,0,0,0,0,0,0,0,0,0,0,0,0,0,82,0,0,0,0,0,0,0,0,0,0,0,0,0,0,0
9,1,2,0,0,1,0,11,0,0,16,0,0,0,1,0,0,1,0,1,0,12,0,0,0,0,0,0,0,0,916,0,0,0,0,0,2,0,87,27,0,77,0,0,1,0,0,0,0,0,0,0,0,0,0,0,0,0,218,0,0,38,0,0,0,0,0,4,0,0,0,0,0,4
9,2,0.5,0,0,2,0,0,0,0,40,0,0,0,0,0,0,0,0,0,0,3,0,0,0,0,0,0,0,0,285,0,0,0,0,0,0,0,0,0,0,0,0,0,0,0,0,0,0,0,0,0,0,0,0,0,0,0,0,0,0,0,0,0,0,0,0,0,0,0,0,0,0,0
9,2,1,1,0,4,0,0,0,0,1,0,0,0,0,2,0,0,0,0,0,35,0,0,0,0,0,0,0,0,55,0,0,0,0,0,0,0,0,0,0,75,0,0,0,0,0,0,0,0,0,0,0,0,0,0,0,0,95,0,0,0,0,0,10,0,0,0,0,0,0,0,0,0
9,2,2,0,0,4,0,0,0,0,8,0,0,0,22,0,0,0,0,4,0,77,2,0,0,0,0,0,0,0,3640,0,0,0,0,1,0,0,0,13,0,0,0,0,4,0,0,0,2,0,0,0,0,0,0,0,0,0,218,0,0,0,0,3,0,0,0,0,0,0,0,0,0,0
9,3,0.5,0,0,1,0,0,0,0,5,0,0,0,4,0,0,0,0,0,0,15,0,0,0,0,1,0,0,0,21,0,0,0,0,0,0,0,0,0,0,21,0,0,0,0,0,0,4,0,0,0,0,0,0,0,0,0,5,0,0,0,0,0,0,0,14,0,0,0,0,0,0,0
9,3,1,0,0,2,0,0,0,0,0,0,0,0,0,0,0,0,0,0,0,21,0,0,0,0,0,0,0,0,254,0,5,0,0,0,0,0,0,0,0,2,0,0,3,0,0,0,3,1,0,0,0,0,0,0,0,0,88,1,1,3,9,17,0,0,6,0,0,0,0,0,0,3
9,3,2,0,0,9,0,21,21,0,3,0,0,0,39,0,0,0,0,0,0,55,2,0,0,0,0,0,0,0,711,0,0,0,0,0,0,0,0,99,0,136,0,0,136,0,0,0,1,0,0,0,0,0,0,2,0,0,266,0,0,0,0,0,4,0,0,2,0,0,0,0,0,59
9,4,0.5,0,0,0,0,0,0,0,0,0,0,0,2,0,0,0,0,0,0,22,0,0,0,0,1,0,0,0,60,0,0,0,0,0,0,0,0,1,0,53,0,0,26,0,0,0,0,0,0,0,0,0,0,0,0,0,53,0,0,1,0,0,0,0,0,0,0,0,0,0,0,0
9,4,1,0,0,0,0,0,0,0,0,0,0,0,4,1,0,0,0,0,0,2,0,0,0,0,0,0,0,0,830,0,0,0,0,0,0,0,0,4,0,0,0,0,0,0,0,0,0,0,0,0,0,0,0,0,0,0,98,1,1,1,0,0,0,0,0,1,0,0,0,0,0,0
9,4,2,0,0,5,1,0,0,0,4,0,0,5,11,0,0,0,0,0,32,102,4,0,0,0,2,0,0,0,732,0,0,0,0,0,0,0,0,17,0,5,0,0,195,0,0,0,4,0,0,0,0,0,0,0,0,0,399,0,0,0,0,13,0,0,0,0,0,0,0,0,0,41
9,5,0.5,0,0,2,0,0,0,0,0,0,0,0,1,0,0,0,0,0,0,9,2,0,0,0,0,0,0,0,180,0,0,0,0,0,0,0,0,2,0,0,0,0,0,0,0,0,0,0,0,0,0,0,0,0,0,0,39,0,0,0,0,17,0,0,0,0,0,0,0,0,0,1
9,5,1,0,0,1,0,0,0,0,0,0,0,0,0,0,0,0,0,0,0,5,0,0,0,0,0,0,0,0,1045,0,0,0,0,0,0,0,0,1,0,0,0,0,0,0,0,0,1,0,0,0,0,0,0,0,0,0,100,0,0,0,0,0,0,0,0,0,0,0,0,0,0,0
9,6,0.5,0,0,0,0,0,0,0,30,0,0,0,0,0,0,0,0,0,0,0,0,0,0,0,0,0,0,0,255,0,0,0,0,0,0,0,0,3,0,0,0,0,0,0,0,0,0,0,0,0,0,0,0,0,0,0,51,0,0,0,0,0,0,0,0,0,0,0,0,0,0,0
9,6,1,0,0,2,0,0,0,0,0,0,0,0,0,0,0,0,0,0,0,6,0,0,0,0,0,0,0,0,510,0,0,0,0,0,0,0,0,1,0,0,0,0,0,0,0,0,0,0,0,0,0,0,0,0,0,0,107,0,0,0,0,0,0,0,0,0,0,0,0,0,0,0
9,7,0.5,0,0,1,0,0,0,0,0,0,0,0,0,0,0,0,0,0,0,3,0,0,0,0,0,0,0,0,30,0,0,0,0,0,0,0,1,0,0,0,0,0,0,0,0,0,0,0,0,0,4,0,0,0,0,0,35,14,0,0,0,0,0,0,0,0,0,0,0,0,0,0
9,7,1,0,0,0,0,0,0,0,0,0,0,0,1,0,0,0,0,0,0,7,0,0,0,0,0,0,0,0,380,0,0,0,0,0,0,0,0,0,0,0,0,0,0,0,0,0,0,0,0,0,0,0,0,0,0,0,187,0,0,0,0,0,0,0,0,0,0,0,0,0,0,0
9,8,0.5,0,0,0,0,0,0,0,30,0,0,0,0,0,0,0,0,0,0,2,1,0,0,0,0,0,0,0,270,0,0,0,0,0,0,0,15,0,0,0,0,0,0,0,0,0,0,0,0,0,0,0,0,0,0,0,29,19,0,0,0,0,0,0,0,0,0,0,0,0,0,0
9,8,1,0,0,5,0,1,0,0,5,0,0,0,0,0,0,0,0,0,0,14,0,0,0,0,0,0,0,0,480,0,0,0,0,0,0,0,0,18,0,61,0,0,0,0,1,0,2,0,0,0,0,0,0,0,1,0,47,0,0,1,0,3,0,0,0,0,1,0,0,0,0,2
10,1,0.5,0,0,1,0,0,0,0,0,0,0,0,0,0,0,0,0,0,0,6,0,0,0,0,0,0,0,0,60,0,0,0,0,0,0,0,0,28,0,0,0,0,0,0,0,0,0,0,0,0,0,0,0,0,0,0,0,0,0,1,0,0,0,0,0,0,0,0,0,0,0,0
10,1,1,0,0,1,0,0,0,0,5,0,0,0,0,0,0,0,0,0,0,1,0,0,0,0,0,0,0,0,825,0,0,0,0,0,0,0,0,0,0,80,0,0,0,0,0,0,1,0,0,0,0,0,0,0,0,0,0,0,0,0,0,0,0,0,0,0,0,0,0,0,0,0
10,1,2,0,0,4,0,15,0,0,63,0,3,0,1,0,0,0,24,0,0,73,7,0,0,0,0,0,0,0,1023,0,0,0,0,0,0,1,160,278,0,155,8,0,0,0,0,0,1,0,1,0,2,0,0,0,0,0,78,11,0,1,0,7,0,0,11,2,0,0,0,0,0,0
10,2,0.5,0,0,0,0,0,0,0,0,0,0,0,0,0,0,0,0,0,0,8,12,0,0,0,0,0,0,0,15,0,0,0,0,0,0,0,41,2,0,44,0,0,0,0,0,0,0,0,0,0,0,0,0,0,0,0,0,0,0,0,0,0,0,0,0,0,0,0,0,0,0,0
10,2,1,0,0,2,0,0,3,0,6,0,0,0,0,0,0,0,0,0,0,11,0,0,0,0,0,0,0,0,900,0,0,0,0,0,0,0,0,0,0,62,0,0,0,0,0,0,0,0,0,0,0,0,0,0,0,0,30,0,0,0,0,0,0,0,15,0,1,0,0,0,0,0
10,2,2,0,0,0,0,0,0,0,15,0,2,0,0,0,0,0,0,0,0,68,3,0,0,0,0,0,0,0,864,0,0,0,0,0,0,0,310,70,0,0,0,0,0,0,0,0,0,0,0,0,49,0,0,0,0,0,66,13,0,0,0,2,0,0,0,0,0,0,0,0,0,13
10,3,0.5,0,0,0,0,0,0,0,20,0,0,0,0,0,0,0,0,0,0,8,0,0,0,0,0,0,0,0,30,0,0,0,0,0,0,0,0,5,0,0,0,0,0,0,0,0,2,0,1,0,0,0,0,0,0,0,0,0,0,0,0,3,0,0,0,0,0,0,0,0,0,0
10,3,1,0,0,0,0,0,2,0,7,0,0,0,0,0,0,0,0,0,0,16,9,0,0,0,0,0,0,0,720,0,0,0,0,0,0,0,0,0,3,1,0,0,0,0,0,0,1,0,0,0,0,0,0,0,0,0,0,15,0,0,0,0,0,0,0,1,0,0,0,0,0,0
10,3,2,0,0,2,0,0,0,0,38,0,0,0,0,0,0,0,0,0,0,174,16,0,0,0,0,0,0,0,502,0,0,0,0,0,0,0,0,59,0,105,0,0,0,0,0,0,0,0,76,0,2,0,0,0,0,0,129,19,0,2,0,0,0,0,3,0,2,0,0,1,0,21
10,4,0.5,0,0,1,0,0,0,0,30,0,0,0,0,0,0,0,0,0,0,1,0,0,0,0,0,0,0,0,60,0,0,0,0,0,0,0,10,1,0,0,0,0,0,0,0,0,0,0,0,0,0,0,0,0,0,0,0,0,0,0,0,0,0,0,0,0,0,0,0,0,0,0
10,4,1,0,0,1,0,0,1,0,44,0,0,0,0,0,0,2,0,0,0,16,0,0,0,0,0,0,0,0,595,0,0,1,0,12,0,0,0,6,0,6,0,0,1,0,0,0,0,0,0,0,1,0,0,0,0,0,38,7,0,0,0,4,0,0,0,0,0,0,0,0,0,0
10,4,2,0,0,8,0,0,0,0,24,0,0,0,0,0,0,0,0,3,0,222,3,0,0,0,0,0,0,0,1395,0,0,0,8,0,0,0,186,4,0,0,0,0,0,0,0,0,5,0,0,0,5,0,0,1,0,0,92,2,0,0,0,0,0,0,0,3,0,0,0,2,0,6
10,5,0.5,0,0,0,0,0,0,0,5,0,0,0,0,0,0,0,0,0,0,0,0,0,0,0,0,0,0,0,180,0,0,0,0,0,0,0,71,0,0,0,0,0,0,0,0,0,0,0,0,0,0,0,0,0,0,0,0,0,0,0,0,0,0,0,0,1,0,0,0,0,0,7
10,5,1,0,0,0,4,0,0,0,150,0,0,0,0,0,0,0,0,0,0,33,1,0,0,0,0,0,0,0,750,0,0,0,0,0,0,0,0,9,0,0,0,0,0,0,0,0,12,0,0,0,0,0,0,0,0,0,5,5,1,2,0,1,0,0,0,1,0,0,0,0,0,0
10,6,0.5,0,0,3,0,0,0,0,0,0,0,0,0,0,0,0,0,0,0,2,0,0,0,0,0,0,0,0,60,0,0,0,0,0,0,0,83,0,0,0,0,0,0,0,0,0,0,0,0,0,0,0,0,0,0,0,0,0,0,0,0,2,0,0,0,0,0,0,0,0,0,5
10,6,1,0,0,1,0,0,0,0,76,0,0,0,0,0,0,1,0,0,0,19,0,0,0,0,0,0,0,0,930,0,0,0,0,0,0,0,0,6,0,34,6,0,0,0,0,0,0,0,0,0,0,0,0,0,0,0,21,9,1,0,0,0,0,0,16,0,0,0,0,0,0,0
10,7,0.5,0,0,0,0,0,0,0,5,0,0,0,0,0,0,0,0,0,0,14,0,0,0,0,0,0,0,0,12,0,0,0,0,0,0,0,20,0,0,0,0,0,0,0,0,0,0,0,0,0,0,0,0,0,0,0,0,0,0,0,0,0,0,0,0,0,0,0,0,0,0,0
10,7,1,0,0,0,0,0,0,0,3,0,0,0,0,0,0,0,0,0,0,15,1,0,0,0,0,0,18,0,390,0,0,0,0,0,0,0,0,2,3,0,0,0,0,0,0,0,8,0,0,0,0,0,0,0,0,0,35,0,0,7,0,0,0,0,0,0,0,0,0,0,0,0
10,8,0.5,0,0,0,0,0,0,0,1,0,0,0,0,0,0,0,0,0,0,0,0,0,0,0,0,0,0,0,75,0,0,0,0,0,0,0,75,0,0,0,0,0,0,0,0,0,0,0,0,0,0,0,0,0,0,2,0,0,0,0,0,0,0,0,0,0,0,0,0,0,0,0
10,8,1,0,0,1,0,1,0,0,6,0,0,0,0,0,0,0,0,0,0,12,0,0,0,0,0,0,0,0,950,0,9,0,0,0,0,0,1,3,0,109,2,0,0,0,0,0,1,0,0,0,0,0,0,0,0,0,11,6,1,0,0,0,0,0,0,0,2,0,0,0,0,0
11,1,0.5,0,0,2,0,0,0,0,1,0,11,0,0,0,14,0,0,0,0,65,0,0,0,0,0,0,0,0,15,0,0,0,0,2,0,0,0,58,0,60,0,0,0,0,0,0,0,0,0,0,0,0,0,0,0,0,54,0,0,0,0,5,0,0,0,0,0,0,0,0,0,0
11,1,1,0,0,1,1,0,0,0,51,0,0,0,0,0,10,0,0,0,0,12,0,0,0,0,0,0,0,0,540,0,0,0,0,0,0,0,30,0,0,0,0,0,0,0,0,0,0,0,0,0,0,0,0,0,0,0,45,0,2,0,0,0,0,0,0,0,0,0,0,0,0,0
11,1,2,0,0,0,0,0,0,0,0,0,0,0,0,0,63,0,0,5,0,479,3,0,0,0,0,0,0,0,1040,0,0,0,0,0,0,0,0,378,0,0,0,0,0,18,0,0,0,0,0,0,1,0,0,0,0,0,183,14,0,1,0,19,24,0,22,0,0,0,0,0,0,9
11,2,0.5,0,0,1,0,6,0,0,1,0,2,0,0,1,6,0,0,0,0,25,0,0,0,0,0,0,0,0,2,0,0,0,0,0,0,0,0,0,0,45,3,0,0,0,0,0,0,0,0,0,0,0,0,0,0,0,7,0,2,0,0,1,0,0,0,1,0,0,0,0,0,4
11,2,1,0,0,2,0,0,8,0,0,0,0,0,0,0,13,11,2,0,0,10,2,0,0,0,0,0,0,0,595,0,0,0,0,0,0,0,0,2,0,47,0,0,0,0,0,0,0,0,0,0,1,0,0,0,0,0,69,13,1,0,0,5,0,0,0,0,0,0,0,0,2,0
11,2,2,0,0,2,3,0,0,0,12,0,0,0,0,0,28,0,0,5,0,224,7,0,0,0,1,0,0,0,1336,0,0,0,0,0,0,0,4,22,0,0,0,0,1,0,0,0,0,0,0,0,5,0,0,0,0,0,106,8,0,0,0,0,0,0,7,0,0,0,0,0,0,6
11,3,0.5,0,0,2,0,0,0,0,0,0,0,0,0,0,3,0,0,15,0,11,0,0,0,0,0,0,0,0,165,0,0,0,0,0,0,0,0,0,0,0,0,0,0,0,0,0,0,0,0,0,0,0,0,0,0,0,39,0,0,0,0,0,1,0,0,1,0,0,0,0,0,0
11,3,1,0,0,0,0,0,1,0,0,0,0,0,0,0,11,0,0,0,0,29,7,0,0,0,0,0,0,0,285,0,0,0,0,0,0,0,0,17,0,0,0,0,0,0,0,0,0,0,0,0,0,0,0,0,0,0,63,20,0,0,0,0,0,0,5,0,2,0,0,0,0,0
11,3,2,0,0,0,0,0,0,0,32,0,0,0,0,0,98,0,0,0,0,46,0,0,0,0,0,0,0,0,1785,0,1,0,0,0,0,0,6,137,0,123,2,0,0,0,0,0,0,0,0,0,0,0,0,0,0,0,152,14,1,0,0,4,0,0,10,0,0,0,0,0,0,11
11,4,0.5,0,0,0,0,0,0,0,2,0,0,0,0,0,0,0,0,0,0,3,0,0,0,0,0,0,0,0,285,0,0,0,1,0,0,0,0,0,0,0,0,0,0,0,0,0,0,0,0,0,0,0,0,0,0,0,9,0,0,0,0,0,0,0,0,0,0,0,0,0,0,0
11,4,1,0,0,0,0,0,0,0,4,0,0,0,0,0,14,0,0,0,0,0,0,0,0,0,0,0,0,0,690,0,0,0,0,0,0,0,0,0,0,0,0,0,0,0,0,0,0,0,0,0,0,0,0,0,0,0,43,0,0,0,0,0,0,0,20,0,0,0,0,0,0,0
11,4,2,0,0,0,0,0,1,0,0,0,0,0,0,0,0,0,0,0,0,57,0,0,0,0,0,0,0,3,1615,0,0,0,0,0,0,0,0,15,0,29,0,0,0,0,0,0,0,0,0,0,0,0,0,0,0,0,199,4,6,0,0,0,0,0,9,0,0,0,0,0,0,0
11,5,0.5,0,0,1,1,0,0,0,60,0,0,0,0,0,0,0,0,0,0,0,0,0,0,0,0,0,0,0,30,0,0,0,0,0,0,0,0,0,0,0,0,0,0,0,0,0,0,0,0,0,0,0,0,0,0,0,0,0,0,0,0,0,0,0,0,0,0,0,0,0,0,0
11,5,1,0,0,0,0,10,0,0,0,0,14,0,0,0,13,0,0,0,0,263,0,0,0,0,0,0,0,0,125,0,0,0,0,0,1,0,0,48,0,58,0,0,0,0,0,0,0,0,0,0,0,0,0,0,0,0,72,16,0,1,0,0,0,0,12,0,0,0,0,0,0,12
11,6,0.5,0,0,2,0,0,0,0,0,0,0,0,0,0,0,0,0,0,0,7,1,0,0,0,0,0,0,0,30,0,0,0,0,0,0,0,0,4,0,0,0,0,0,0,0,0,0,0,0,0,3,0,0,0,0,0,18,0,0,0,0,0,0,0,0,0,0,0,0,0,0,0
11,6,1,0,0,0,0,0,0,0,0,0,0,0,0,0,31,0,0,0,0,218,0,0,0,0,0,0,0,0,195,0,0,0,0,0,0,0,0,9,0,0,0,0,0,0,0,0,1,0,0,0,0,0,0,0,0,0,33,0,0,0,0,9,64,0,4,0,0,0,0,0,0,0
11,7,0.5,0,0,0,0,0,0,0,0,0,0,0,0,0,0,0,0,0,0,3,0,0,0,0,0,0,0,0,180,0,0,0,0,0,0,0,0,0,0,0,0,0,0,0,0,0,0,0,0,0,0,0,0,0,0,0,54,0,0,0,0,0,0,0,0,0,0,0,0,0,0,0
11,7,1,0,0,0,0,0,0,0,195,0,0,0,0,0,13,0,0,0,0,5,0,0,0,0,0,0,0,0,660,0,0,0,0,0,0,0,3,0,0,0,0,0,0,0,0,0,0,0,0,0,0,0,0,0,0,0,76,0,0,0,0,0,0,0,4,0,0,0,0,0,0,0
11,8,0.5,0,0,0,0,0,0,0,0,0,0,0,0,0,0,0,0,0,0,2,0,0,0,0,0,0,0,0,180,0,0,0,0,0,0,0,2,0,0,0,0,0,0,0,0,0,0,0,0,0,0,0,0,0,0,0,28,0,0,0,0,0,0,0,0,0,0,0,0,0,0,0
11,8,1,0,0,0,0,0,0,0,55,0,0,0,0,0,2,0,0,0,0,33,7,0,0,0,0,0,0,0,495,0,0,0,0,0,0,0,6,0,0,0,0,0,0,0,0,0,0,0,0,0,0,0,0,0,0,0,91,4,0,0,0,0,0,0,2,0,0,0,0,0,0,0
12,1,0.5,0,0,0,0,0,0,0,10,0,0,0,0,0,1,0,0,0,0,3,0,0,0,0,0,0,0,0,60,0,0,0,0,0,0,0,0,0,0,0,0,0,0,0,0,0,1,0,0,0,0,0,0,0,0,0,29,3,0,0,0,0,0,0,14,0,0,0,0,0,0,0
12,1,1,0,0,0,0,0,0,0,65,0,2,1,0,0,0,5,0,1,0,119,0,0,0,6,0,1,0,0,40,0,0,0,25,11,0,0,2,105,0,0,0,0,4,0,0,0,0,0,0,0,1,0,0,0,0,0,63,0,0,10,0,0,16,0,6,1,0,0,0,0,0,11
12,1,2,0,0,1,0,35,1,0,50,0,14,0,14,0,0,3,0,0,0,41,3,1,0,5,0,0,0,22,180,0,0,0,58,2,0,0,0,262,0,157,10,0,0,0,0,0,0,0,0,0,0,0,0,0,0,0,99,0,1,17,0,18,0,0,8,0,0,0,0,0,0,18
12,2,0.5,0,0,0,0,0,0,0,0,0,0,0,0,0,0,0,0,0,0,20,0,0,0,0,0,0,0,0,30,0,0,0,0,0,0,0,0,9,0,0,0,0,0,0,0,0,0,0,0,0,2,0,0,0,0,0,65,0,0,0,0,0,0,0,0,0,0,0,0,0,0,0
12,2,1,0,0,3,0,0,0,0,0,0,0,0,0,0,0,0,0,3,0,10,0,0,14,8,0,0,0,0,23.4,0,0,0,0,1,0,0,0,30,0,0,0,0,0,0,0,0,0,0,0,0,0,0,0,0,0,0,106,0,1,0,3,0,0,0,6,0,0,0,0,0,0,1
12,2,2,0,0,33,0,1,0,0,2,0,0,0,3,0,0,0,0,1,0,442,2,0,16,1,0,1,0,8,91,0,0,0,1,2,0,0,4,52,0,0,0,0,14,0,0,0,5,0,0,0,4,0,0,0,0,0,286,27,0,4,0,0,59,0,0,3,0,0,0,0,0,13
12,3,0.5,0,0,3,0,0,0,0,0,0,0,0,0,1,0,47,0,5,0,11,0,0,10,0,0,0,0,0,15,0,0,0,0,0,0,0,1,0,0,0,0,0,0,0,0,0,0,0,0,0,0,0,0,0,0,0,6,2,0,0,10,0,0,0,0,0,0,0,0,0,0,0
12,3,1,43,0,0,3,0,0,0,12,0,14,0,0,0,0,0,0,0,0,156,1,2,0,0,0,0,0,0,0,0,0,0,13,0,0,0,0,220,0,0,0,0,0,0,0,0,0,0,0,0,0,0,0,0,0,0,28,3,0,6,2,0,7,0,6,0,0,0,0,0,0,20
12,3,2,0,0,9,0,0,0,0,0,0,0,0,6,0,10,0,0,0,0,450,8,1,0,0,1,0,0,0,643,0,3,0,0,3,0,0,43,234,0,72,3,0,0,0,0,0,12,1,0,0,0,2,0,0,0,0,60,70,0,4,0,17,2,0,36,4,0,0,0,0,0,66
12,4,0.5,0,0,0,1,3,0,0,0,0,0,0,0,0,0,0,0,0,0,12,0,0,2,0,0,0,0,0,21,0,0,0,0,0,0,0,2,4,0,32,0,0,0,0,0,0,0,0,0,0,0,0,0,0,0,0,14,0,0,0,0,0,0,0,6,0,0,0,0,0,0,0
12,4,1,0,0,0,3,0,0,0,23,0,8,0,0,0,0,43,0,0,0,120,0,0,14,0,0,0,0,0,96,0,0,0,0,9,0,0,0,132,0,65,17,0,0,0,0,0,0,0,0,0,0,0,0,1,0,0,7,36,0,0,24,0,3,0,0,3,0,0,0,0,0,13
12,4,2,0,0,0,0,0,0,0,97,0,0,0,0,0,0,0,0,2,0,253,0,0,0,0,0,1,0,0,375,0,0,0,0,0,0,0,0,523,0,0,0,0,1,0,0,0,0,0,0,0,3,0,0,0,0,0,170,16,0,0,0,15,0,0,31,2,0,0,0,0,0,64
12,5,0.5,0,0,0,0,0,0,0,0,0,0,0,0,0,0,0,0,37,0,5,0,0,4,0,0,0,0,0,60,0,0,0,0,0,0,0,0,0,0,0,0,0,0,0,0,0,1,0,0,0,10,0,0,0,0,0,0,0,0,0,0,0,0,0,0,0,0,0,0,0,0,0
12,5,1,0,0,0,0,0,0,0,0,0,0,0,13,0,0,0,0,0,0,195,6,0,0,0,5,0,0,0,0,0,1,0,0,0,0,0,7,62,0,0,0,0,0,0,0,0,3,0,0,0,1,0,0,0,0,0,60,0,0,29,0,0,0,0,0,0,0,0,0,0,0,6
12,6,0.5,0,0,0,0,0,0,0,0,0,0,0,0,0,0,0,0,0,0,3,0,0,0,0,0,0,2,0,90,0,0,0,0,0,0,0,0,0,0,0,0,0,0,0,0,0,1,0,0,0,1,0,0,0,0,0,61,0,0,0,0,0,0,0,0,0,0,0,0,0,0,0
12,6,1,0,0,0,1,0,0,0,8,0,1,0,0,0,0,0,0,0,0,231,0,0,0,0,0,0,3,0,365,0,0,0,6,0,0,0,45,90,1,0,0,0,0,0,0,0,0,0,0,0,0,0,0,0,0,0,81,9,0,10,0,0,0,0,0,1,0,0,0,0,2,1
12,7,0.5,0,0,0,0,0,0,0,0,0,0,0,0,0,0,0,0,0,0,23,0,0,0,0,0,0,0,0,180,0,0,0,0,0,0,0,0,8,0,0,0,0,0,0,0,0,0,0,0,0,2,0,0,0,0,0,22,1,0,0,0,0,0,0,20,0,0,0,0,0,0,1
12,7,1,0,0,5,0,0,0,0,9,0,0,0,4,0,0,0,0,0,0,235,36,3,0,4,3,0,0,0,0,0,7,0,0,0,0,0,179,15,0,1,0,0,3,0,0,0,26,0,0,0,9,0,0,0,0,0,27,2,0,3,0,0,0,0,0,0,0,0,0,0,0,0
12,8,0.5,0,0,0,0,0,0,0,5,0,0,0,0,0,0,0,0,0,0,3,0,0,0,0,0,0,0,0,6,0,0,0,0,0,0,0,0,22,0,35,0,0,0,0,0,0,2,0,0,0,0,0,0,0,0,0,0,0,1,2,0,0,14,0,2,0,0,0,0,0,0,0
12,8,1,0,0,0,0,0,0,0,60,0,0,0,1,0,0,0,0,0,0,58,0,0,0,0,0,3,2,0,244,0,0,0,0,0,0,0,15,42,0,71,0,0,0,0,0,0,3,0,0,0,0,0,0,0,0,0,27,0,2,0,0,1,0,0,0,0,0,0,0,0,0,1
13,1,0.5,0,0,1,0,0,0,0,0,0,0,0,0,0,0,0,0,0,0,1,0,0,0,0,0,0,0,0,2,0,0,0,0,0,0,0,20,0,0,110,0,0,0,0,0,0,0,0,0,0,0,0,0,0,0,0,0,0,0,0,0,0,0,0,0,0,0,0,0,0,0,0
13,1,1,0,0,0,0,0,0,0,0,0,0,0,0,0,0,0,0,0,0,118,1,0,0,0,0,0,0,0,4,0,0,0,0,1,0,0,0,70,0,11,0,0,0,3,0,0,2,0,0,0,1,0,0,0,0,0,52,13,0,0,0,0,0,0,0,4,0,0,0,0,0,7
13,1,2,0,0,0,0,0,0,0,1,0,1,0,0,0,0,0,0,0,0,685,3,0,16,0,7,0,0,0,429,0,0,0,0,0,0,0,127,319,0,9,0,0,2,0,0,0,3,0,0,0,2,2,0,0,0,0,131,8,0,7,0,0,0,0,9,1,0,0,0,0,0,8
13,2,0.5,0,0,0,0,0,0,0,0,0,0,0,0,0,0,0,0,0,0,78,0,0,0,0,0,0,0,0,90,0,0,0,0,0,0,0,5,12,0,0,0,0,12,0,0,0,0,0,1,0,0,0,0,0,0,0,43,0,0,0,0,0,0,0,0,1,0,0,0,0,0,2
13,2,1,0,0,0,0,0,58,0,9,0,1,0,0,0,0,0,0,0,0,117,1,0,0,0,0,0,0,0,27,0,11,0,0,0,0,0,0,22,0,131,0,0,2,0,0,0,0,0,0,0,0,0,0,0,0,0,60,0,0,8,0,0,0,0,0,0,0,0,0,0,0,0
13,2,2,0,0,0,0,7,0,0,4,0,0,0,0,0,0,0,0,0,0,160,0,0,0,0,0,0,0,0,1680,0,0,0,0,0,0,0,0,79,0,102,0,0,3,0,0,0,0,0,0,0,0,10,0,0,0,0,153,7,0,0,0,0,0,0,11,4,0,0,0,0,0,8
13,3,0.5,0,0,0,0,7,1,0,5,0,3,0,0,0,0,0,0,0,0,44,0,0,0,0,0,0,0,0,45,0,0,0,0,0,0,0,0,0,0,40,0,0,0,0,0,0,0,0,3,0,0,0,0,0,0,0,7,0,0,0,0,0,0,0,12,0,0,0,0,0,0,0
13,3,1,0,0,0,0,0,0,0,1,0,0,0,1,0,0,0,0,0,0,95,0,0,0,0,0,0,0,0,246,0,2,0,0,0,0,0,28,1,0,0,0,0,0,0,0,0,0,0,0,0,0,0,0,0,0,0,56,3,0,0,0,0,0,0,14,0,0,0,0,0,0,0
13,3,2,0,0,2,0,8,1,0,13,0,0,0,0,0,0,0,0,0,0,176,1,0,0,0,0,0,0,0,574,0,0,0,0,0,0,0,39,27,0,89,0,0,0,0,0,0,0,0,0,0,0,6,0,0,0,0,155,10,0,0,0,4,0,0,19,3,0,0,0,0,0,0
13,4,0.5,0,0,0,0,0,1,0,1,0,0,0,0,0,0,0,0,0,0,24,0,0,0,0,0,0,0,0,0,0,0,0,0,0,0,0,0,10,0,0,0,0,1,0,0,0,0,0,0,0,2,0,0,0,0,0,36,0,0,2,0,0,0,0,0,0,0,0,0,0,0,0
13,4,1,0,0,1,0,0,40,0,0,0,0,0,0,0,0,0,0,0,0,157,0,0,0,0,0,0,0,0,4,0,0,0,0,0,0,0,16,15,0,75,0,0,0,0,0,0,3,0,1,0,0,0,0,0,0,0,90,13,1,2,0,0,0,0,0,0,0,0,0,0,0,1
13,4,2,0,0,1,0,0,61,0,3,0,5,0,0,0,0,0,0,0,0,160,3,0,48,0,0,0,1,0,197.4,0,0,0,0,1,0,0,153,73,1,6,0,0,7,0,0,0,0,0,0,0,12,0,0,0,0,0,83,71,15,0,0,0,0,0,0,1,0,0,0,0,0,36
13,5,0.5,0,0,0,0,0,0,0,0,0,0,0,0,0,0,0,0,0,0,0,2,0,0,0,0,0,0,0,2,0,0,0,0,0,0,0,0,5,0,0,0,0,0,0,0,0,0,0,0,0,1,0,0,0,0,0,31,2,0,0,0,0,0,0,0,0,0,0,0,0,0,0
13,5,1,0,0,0,1,0,4,0,0,0,0,0,0,0,0,0,0,27,0,150,0,0,0,0,0,0,0,0,6,0,0,0,0,0,0,0,8,7,0,6,0,0,0,0,0,0,0,0,0,0,5,0,0,0,0,0,93,0,0,0,0,0,0,0,0,0,0,0,0,0,0,0
13,6,0.5,0,0,0,0,0,0,0,60,0,0,0,0,0,0,0,0,0,0,4,0,0,0,0,0,0,0,0,18,0,1,0,0,0,0,0,0,3,0,37,0,0,0,0,0,0,0,0,0,0,0,0,0,0,0,0,16,1,1,0,0,0,0,0,0,0,0,0,0,0,0,0
13,6,1,0,0,3,0,1,23,0,80,0,1,0,0,0,0,14,0,0,0,120,2,0,0,0,0,0,2,7,19,0,1,0,0,0,0,0,21,5,0,1,0,0,0,0,0,0,1,0,0,0,17,1,0,0,0,0,67,2,2,0,0,0,0,0,2,0,0,0,0,0,0,0
13,7,0.5,0,0,1,1,0,8,0,0,0,0,0,0,0,0,0,0,0,0,29,0,0,0,0,0,0,0,0,2,0,6,0,0,0,0,0,0,6,0,2,0,0,0,0,0,0,0,0,0,0,0,0,0,0,0,0,0,34,1,0,0,0,0,0,0,3,0,0,0,0,0,4
13,7,1,0,0,0,0,0,66,0,22,0,1,0,0,0,0,0,1,0,0,51,1,0,0,0,0,0,0,0,64,0,12,0,0,0,0,0,0,8,0,106,0,0,0,0,0,0,0,0,0,0,0,0,0,0,0,0,10,0,1,1,0,0,0,0,14,0,0,0,0,0,0,0
13,8,0.5,0,0,0,0,0,0,0,1,0,0,0,0,0,0,0,0,0,0,5,0,0,0,0,0,0,0,0,75,0,0,0,0,0,0,0,1,5,0,29,0,0,3,0,0,0,0,0,0,0,0,0,0,0,0,0,6,0,0,0,0,0,0,0,0,0,0,0,0,0,4,0
13,8,1,0,0,0,0,0,3,0,0,0,0,0,0,0,0,0,6,0,0,22,0,0,12,0,1,0,0,0,975,0,1,0,0,1,0,0,3,0,0,0,4,0,0,0,0,0,1,0,0,0,1,19,0,0,0,0,21,0,0,0,0,0,0,0,16,0,0,0,0,0,0,0
14,1,0.5,0,0,0,0,0,0,0,10,0,0,0,0,0,0,0,0,0,0,0,0,0,170,0,0,0,0,0,0,0,0,0,0,0,0,0,0,0,0,16,0,0,0,0,0,0,0,0,0,0,0,0,0,0,0,0,0,0,0,0,0,0,0,0,0,0,0,0,0,0,0,0
14,1,1,0,0,0,0,0,0,0,6,0,0,0,0,0,0,0,0,0,0,82,0,0,0,0,0,0,0,0,210,0,0,0,0,0,0,0,0,29,0,58,0,0,0,0,0,0,0,0,1,0,0,0,1,1,0,0,101,0,0,0,0,0,0,0,8,1,0,0,0,0,0,0
14,1,2,0,0,0,0,0,0,0,55,0,4,0,0,0,0,0,0,23,0,81,0,0,320,2,0,0,0,0,1000,0,0,0,0,0,0,0,0,247,0,0,0,0,3,0,0,0,0,0,0,0,4,0,0,0,0,0,204,2,0,0,0,0,0,0,0,0,1,0,0,0,0,29
14,2,0.5,0,0,0,0,0,0,0,0,0,0,0,0,0,0,0,0,0,0,2,0,0,26,0,0,0,0,0,210,0,0,0,0,0,0,0,0,0,0,0,0,0,0,0,0,0,0,0,0,0,0,0,0,0,0,0,41,0,0,0,1,0,0,0,0,0,0,0,0,0,0,0
14,2,1,0,0,0,0,0,0,0,1,0,0,0,3,0,0,0,0,0,0,93,0,0,0,0,3,0,0,0,310,0,0,0,0,0,0,0,10,6,0,1,0,0,0,0,0,0,0,0,0,0,0,0,0,1,0,0,108,22,0,0,0,0,0,11,0,4,0,0,0,0,0,0
14,2,2,0,0,0,0,0,0,0,12,0,0,2,0,0,0,3,1,0,0,63,0,0,166,0,27,0,0,0,163,0,8,0,9,0,0,0,68,29,0,149,0,0,0,0,0,0,0,0,0,0,0,1,0,1,0,0,151,13,0,0,0,0,0,0,12,0,0,2,0,0,0,12
14,3,0.5,0,0,0,0,0,0,0,1,0,0,0,0,0,0,0,0,0,0,4,0,0,6,0,0,0,0,0,255,0,0,0,0,0,0,0,0,0,0,0,0,0,0,0,0,0,0,0,0,0,0,0,0,0,0,0,6,0,0,0,0,0,0,0,0,0,0,0,0,0,0,0
14,3,1,0,0,1,0,53,0,0,0,0,0,1,0,0,0,2,0,0,0,54,1,0,0,0,0,0,0,0,21,0,0,0,0,0,0,0,1,89,0,79,0,0,0,0,0,0,0,0,0,0,0,0,0,0,0,0,87,0,1,0,0,0,0,0,21,3,0,0,0,0,0,34
14,3,2,0,0,1,11,1,0,0,17,0,2,0,0,0,0,2,0,21,0,220,0,0,66,3,1,0,0,0,95,0,0,0,0,0,0,0,136,198,4,0,0,0,0,0,0,0,0,0,0,0,18,0,0,0,0,0,45,26,1,0,0,0,77,3,4,4,0,0,0,0,0,7
14,4,0.5,0,0,0,0,0,0,0,55,0,0,0,0,0,0,0,0,0,0,0,0,0,40,0,0,0,0,0,0,0,0,0,0,0,0,0,0,0,0,0,0,0,0,0,0,0,0,0,0,0,0,0,0,0,0,0,24,0,0,0,0,0,0,0,0,0,0,0,0,0,0,0
14,4,1,0,0,0,0,0,0,0,5,0,0,0,0,0,0,0,0,0,0,63,0,0,1,0,5,0,0,0,420,0,0,0,0,0,0,0,17,6,0,14,0,0,0,0,0,0,0,0,0,0,0,0,0,0,0,0,44,0,0,0,2,0,0,0,3,1,0,0,0,0,0,0
14,4,2,0,0,0,0,0,0,0,12,0,0,0,0,0,0,0,1,0,0,57,0,0,6,0,27,0,0,0,163,0,6,0,9,0,0,0,68,29,0,149,0,0,0,0,0,0,0,0,0,0,0,1,0,0,0,0,148,3,0,0,0,0,0,0,22,0,0,2,0,0,0,13
14,5,0.5,0,0,0,0,19,0,0,0,0,0,0,0,0,0,4,0,0,0,31,0,0,0,0,0,0,0,0,45,0,0,0,0,0,0,0,0,2,0,28,0,0,0,0,0,0,0,0,0,0,0,0,0,0,0,0,26,0,0,0,0,0,0,0,0,0,1,0,0,0,0,0
14,5,1,0,0,0,0,16,0,0,0,0,2,1,0,1,0,5,0,0,0,26,1,0,1,0,0,0,0,0,4,0,0,0,0,0,0,0,8,62,0,105,0,0,2,0,0,0,0,0,0,0,0,0,0,0,0,0,0,15,0,0,0,0,0,0,0,0,0,0,0,0,0,0
14,6,0.5,0,0,0,0,0,0,0,0,0,0,0,0,0,0,0,0,0,0,16,0,0,2,0,0,0,0,0,75,0,0,0,0,0,0,0,0,3,0,3,0,0,0,0,0,0,0,0,0,0,0,0,0,0,0,0,0,22,0,0,0,0,0,0,6,0,1,0,0,0,0,0
14,6,1,0,0,0,0,0,0,0,250,0,0,0,0,0,0,0,0,0,0,16,0,0,10,0,12,0,0,0,7,0,0,0,0,0,0,0,13,0,0,4,0,0,0,0,0,0,0,0,0,0,1,0,0,0,0,0,51,0,0,0,1,0,0,0,5,0,0,0,0,0,0,0
14,7,0.5,0,0,0,6,0,0,0,0,0,0,0,0,0,0,0,0,0,0,0,0,0,50,0,0,0,0,0,120,0,0,0,0,0,0,0,0,0,0,0,0,0,0,0,0,0,0,0,0,0,0,0,0,0,0,0,0,0,0,0,0,0,0,0,1,2,0,0,0,0,0,0
14,7,1,0,0,0,0,0,0,1,4,0,0,0,0,0,0,0,0,16,0,32,0,0,0,0,0,0,0,0,347,0,2,0,0,0,0,0,8,54,0,1,0,0,0,0,0,0,0,0,0,0,7,0,0,0,0,0,61,7,2,1,0,0,0,0,0,1,0,0,0,0,0,9
14,8,0.5,0,0,0,0,0,0,0,3,0,0,0,0,0,0,0,0,0,0,5,0,0,0,0,0,0,0,0,75,0,0,0,0,0,0,0,0,0,0,0,0,0,0,0,0,0,0,0,0,0,0,0,0,0,0,0,29,0,0,0,0,0,0,0,6,0,0,0,0,0,0,0
14,8,1,0,0,0,0,0,0,0,0,0,0,0,0,0,0,0,0,0,0,16,0,0,0,0,6,0,0,0,470,0,0,0,0,0,0,0,5,2,0,70,0,0,3,0,0,0,0,0,0,0,0,0,0,1,0,0,15,0,0,0,0,0,0,0,33,0,0,0,0,0,0,0